RegistroANS;RazaoSocial;Trimestre;Ano;ValorDespesas
316903;NÃO INFORMADA;1;2025;124876.67
318213;NÃO INFORMADA;1;2025;28981303.41
312720;NÃO INFORMADA;1;2025;274853599.89
314099;NÃO INFORMADA;1;2025;69998346.13
315648;NÃO INFORMADA;1;2025;13412591.26
313211;NÃO INFORMADA;1;2025;42195515.23
314251;NÃO INFORMADA;1;2025;18324313.74
315494;NÃO INFORMADA;1;2025;12952896.53
315796;NÃO INFORMADA;1;2025;133644412.24
317144;NÃO INFORMADA;1;2025;792277812.30
317896;NÃO INFORMADA;1;2025;11493132.70
314366;NÃO INFORMADA;1;2025;850647.13
316849;NÃO INFORMADA;1;2025;1680720.58
316997;NÃO INFORMADA;1;2025;2040300.85
313084;NÃO INFORMADA;1;2025;22146709.68
314668;NÃO INFORMADA;1;2025;60094042.62
315044;NÃO INFORMADA;1;2025;57981831.52
314315;NÃO INFORMADA;1;2025;3094992.22
318299;NÃO INFORMADA;1;2025;65894151.87
316873;NÃO INFORMADA;1;2025;35368226.86
313475;NÃO INFORMADA;1;2025;3534694.43
314218;NÃO INFORMADA;1;2025;170402869.56
315567;NÃO INFORMADA;1;2025;47503161.46
319121;NÃO INFORMADA;1;2025;189101833.39
322831;NÃO INFORMADA;1;2025;21645298.81
322890;NÃO INFORMADA;1;2025;1242947.50
323055;NÃO INFORMADA;1;2025;17601105.05
319996;NÃO INFORMADA;1;2025;506383255.89
320706;NÃO INFORMADA;1;2025;122647658.40
321273;NÃO INFORMADA;1;2025;221913548.11
323942;NÃO INFORMADA;1;2025;10460650.75
318477;NÃO INFORMADA;1;2025;27889251.51
321044;NÃO INFORMADA;1;2025;287265108.27
320862;NÃO INFORMADA;1;2025;33090223.28
322326;NÃO INFORMADA;1;2025;2764959.01
324299;NÃO INFORMADA;1;2025;9081885.48
319180;NÃO INFORMADA;1;2025;16802788.61
321320;NÃO INFORMADA;1;2025;7511771.86
323357;NÃO INFORMADA;1;2025;35821345.37
324175;NÃO INFORMADA;1;2025;13782307.32
319708;NÃO INFORMADA;1;2025;102601562.28
323080;NÃO INFORMADA;1;2025;1387982243.65
323993;NÃO INFORMADA;1;2025;44654425.80
318566;NÃO INFORMADA;1;2025;38006431.50
321087;NÃO INFORMADA;1;2025;15563948.53
321338;NÃO INFORMADA;1;2025;435104.41
315265;NÃO INFORMADA;1;2025;20968067.65
315729;NÃO INFORMADA;1;2025;212993994.99
317012;NÃO INFORMADA;1;2025;21282809.76
318035;NÃO INFORMADA;1;2025;18628647.46
314706;NÃO INFORMADA;1;2025;2792753.14
317233;NÃO INFORMADA;1;2025;73729480.32
313751;NÃO INFORMADA;1;2025;9344133.73
316148;NÃO INFORMADA;1;2025;50057594.62
312851;NÃO INFORMADA;1;2025;301693234.82
313149;NÃO INFORMADA;1;2025;2180741.77
315583;NÃO INFORMADA;1;2025;11901734.35
316881;NÃO INFORMADA;1;2025;46532326.57
314242;NÃO INFORMADA;1;2025;11387221.89
317632;NÃO INFORMADA;1;2025;89170095.57
315478;NÃO INFORMADA;1;2025;422956429.87
314781;NÃO INFORMADA;1;2025;9945343.15
314587;NÃO INFORMADA;1;2025;11659902.99
316458;NÃO INFORMADA;1;2025;6654769.02
334511;NÃO INFORMADA;1;2025;3558328.1
334847;NÃO INFORMADA;1;2025;5515591.85
335789;NÃO INFORMADA;1;2025;8912861.49
337498;NÃO INFORMADA;1;2025;23952874.55
333239;NÃO INFORMADA;1;2025;327877.36
335215;NÃO INFORMADA;1;2025;56805736.98
331872;NÃO INFORMADA;1;2025;215040711.71
333051;NÃO INFORMADA;1;2025;78066955.42
336467;NÃO INFORMADA;1;2025;7370277.06
333689;NÃO INFORMADA;1;2025;363308049.22
335517;NÃO INFORMADA;1;2025;27586214.64
335592;NÃO INFORMADA;1;2025;299734777.86
335614;NÃO INFORMADA;1;2025;345032702.53
337188;NÃO INFORMADA;1;2025;92982196.67
336017;NÃO INFORMADA;1;2025;947877.20
334154;NÃO INFORMADA;1;2025;30966921.75
335690;NÃO INFORMADA;1;2025;923844586.96
337561;NÃO INFORMADA;1;2025;5641534.23
334561;NÃO INFORMADA;1;2025;239081055.09
335100;NÃO INFORMADA;1;2025;448501498.21
335258;NÃO INFORMADA;1;2025;5628714.22
336831;NÃO INFORMADA;1;2025;34333309.11
333808;NÃO INFORMADA;1;2025;14566500.35
335541;NÃO INFORMADA;1;2025;23947112.27
331651;NÃO INFORMADA;1;2025;36739413.09
337374;NÃO INFORMADA;1;2025;82537167.35
331988;NÃO INFORMADA;1;2025;140352163.26
333867;NÃO INFORMADA;1;2025;5039987.52
336106;NÃO INFORMADA;1;2025;118770069.30
334243;NÃO INFORMADA;1;2025;1816554.71
333662;NÃO INFORMADA;1;2025;64556993.27
335479;NÃO INFORMADA;1;2025;123120657.41
335754;NÃO INFORMADA;1;2025;28802240.40
336858;NÃO INFORMADA;1;2025;1979339888.17
335657;NÃO INFORMADA;1;2025;6611832.81
333875;NÃO INFORMADA;1;2025;14148428.74
343404;NÃO INFORMADA;1;2025;460409.40
339679;NÃO INFORMADA;1;2025;2896548825.54
340952;NÃO INFORMADA;1;2025;104917086.28
342033;NÃO INFORMADA;1;2025;206080753.76
343765;NÃO INFORMADA;1;2025;8901256.83
344141;NÃO INFORMADA;1;2025;5273070.97
338648;NÃO INFORMADA;1;2025;61664965.10
340251;NÃO INFORMADA;1;2025;31286234.62
342556;NÃO INFORMADA;1;2025;57045378.01
343463;NÃO INFORMADA;1;2025;19429267.27
344184;NÃO INFORMADA;1;2025;1169155.97
343722;NÃO INFORMADA;1;2025;5755894.16
342131;NÃO INFORMADA;1;2025;8512499.56
343056;NÃO INFORMADA;1;2025;1313440.49
343269;NÃO INFORMADA;1;2025;342793864.61
342343;NÃO INFORMADA;1;2025;35999543.11
339458;NÃO INFORMADA;1;2025;1141034.27
342611;NÃO INFORMADA;1;2025;92423546.79
343676;NÃO INFORMADA;1;2025;14778747.46
337871;NÃO INFORMADA;1;2025;53296062.24
339954;NÃO INFORMADA;1;2025;219415622.55
341819;NÃO INFORMADA;1;2025;749489.23
320820;NÃO INFORMADA;1;2025;13366635.25
322571;NÃO INFORMADA;1;2025;44969157.48
320251;NÃO INFORMADA;1;2025;66601834.23
321931;NÃO INFORMADA;1;2025;10504229.99
324213;NÃO INFORMADA;1;2025;1122798.07
319384;NÃO INFORMADA;1;2025;71362111.06
320897;NÃO INFORMADA;1;2025;28035998.59
319872;NÃO INFORMADA;1;2025;1143068.51
321125;NÃO INFORMADA;1;2025;4820068.42
323004;NÃO INFORMADA;1;2025;6739741.72
323926;NÃO INFORMADA;1;2025;27208977.73
318388;NÃO INFORMADA;1;2025;37737143.76
320838;NÃO INFORMADA;1;2025;12516068.23
323268;NÃO INFORMADA;1;2025;117758420.67
324159;NÃO INFORMADA;1;2025;22547755.43
321958;NÃO INFORMADA;1;2025;88585058.24
319422;NÃO INFORMADA;1;2025;20920574.61
000884;NÃO INFORMADA;1;2025;82496679.61
000477;NÃO INFORMADA;1;2025;126418012.35
005711;NÃO INFORMADA;1;2025;11704703912.18
000701;NÃO INFORMADA;1;2025;1392803029.08
000515;NÃO INFORMADA;1;2025;10901022.77
000582;NÃO INFORMADA;1;2025;1455517496.25
325465;NÃO INFORMADA;1;2025;8953000.41
329886;NÃO INFORMADA;1;2025;26601505.08
330809;NÃO INFORMADA;1;2025;29234142.76
325031;NÃO INFORMADA;1;2025;30811957.89
327689;NÃO INFORMADA;1;2025;284545296.06
331341;NÃO INFORMADA;1;2025;60726137.60
324493;NÃO INFORMADA;1;2025;54594980.07
327468;NÃO INFORMADA;1;2025;6188218.35
328308;NÃO INFORMADA;1;2025;10706354.01
330264;NÃO INFORMADA;1;2025;40479336.99
326755;NÃO INFORMADA;1;2025;56745374.29
330892;NÃO INFORMADA;1;2025;7692776.98
324345;NÃO INFORMADA;1;2025;42722340.75
327352;NÃO INFORMADA;1;2025;9815246.14
329339;NÃO INFORMADA;1;2025;113091869.53
324523;NÃO INFORMADA;1;2025;190.4
325236;NÃO INFORMADA;1;2025;22391443.44
326305;NÃO INFORMADA;1;2025;6235492926.90
327557;NÃO INFORMADA;1;2025;29834612.24
330281;NÃO INFORMADA;1;2025;12794820.55
325082;NÃO INFORMADA;1;2025;5457657.75
418072;NÃO INFORMADA;1;2025;707427.06
415944;NÃO INFORMADA;1;2025;22787.51
416410;NÃO INFORMADA;1;2025;5965.44
417211;NÃO INFORMADA;1;2025;16861481.50
417424;NÃO INFORMADA;1;2025;0
417491;NÃO INFORMADA;1;2025;731480.22
417599;NÃO INFORMADA;1;2025;24834735.25
417947;NÃO INFORMADA;1;2025;34067075.40
416738;NÃO INFORMADA;1;2025;24223149.10
417106;NÃO INFORMADA;1;2025;644021.52
417611;NÃO INFORMADA;1;2025;0
416525;NÃO INFORMADA;1;2025;2673314.30
417220;NÃO INFORMADA;1;2025;599121.58
417718;NÃO INFORMADA;1;2025;0
417505;NÃO INFORMADA;1;2025;152899895.43
417955;NÃO INFORMADA;1;2025;16344314.39
418137;NÃO INFORMADA;1;2025;6764185.67
415987;NÃO INFORMADA;1;2025;1037801.66
416568;NÃO INFORMADA;1;2025;77899090.92
417131;NÃO INFORMADA;1;2025;393855.93
418129;NÃO INFORMADA;1;2025;1396634.04
417475;NÃO INFORMADA;1;2025;2226650.58
418021;NÃO INFORMADA;1;2025;88877031.60
415910;NÃO INFORMADA;1;2025;625321.19
416584;NÃO INFORMADA;1;2025;13862037.62
416801;NÃO INFORMADA;1;2025;20995241.60
417297;NÃO INFORMADA;1;2025;35117120.68
417530;NÃO INFORMADA;1;2025;80572852.68
417815;NÃO INFORMADA;1;2025;18743353.83
416398;NÃO INFORMADA;1;2025;16536998.97
416428;NÃO INFORMADA;1;2025;1146729003.21
417661;NÃO INFORMADA;1;2025;16601922.66
417548;NÃO INFORMADA;1;2025;46401417.28
417831;NÃO INFORMADA;1;2025;812191.25
416690;NÃO INFORMADA;1;2025;20674984.46
417173;NÃO INFORMADA;1;2025;66245.9
416401;NÃO INFORMADA;1;2025;54332102.68
416495;NÃO INFORMADA;1;2025;19633846.16
415936;NÃO INFORMADA;1;2025;9633222.16
419281;NÃO INFORMADA;1;2025;565011.68
419419;NÃO INFORMADA;1;2025;10162139.21
419567;NÃO INFORMADA;1;2025;0
419753;NÃO INFORMADA;1;2025;2273131.11
419052;NÃO INFORMADA;1;2025;14766359.19
419141;NÃO INFORMADA;1;2025;32497070.32
419524;NÃO INFORMADA;1;2025;336981.28
418617;NÃO INFORMADA;1;2025;11350669.78
418218;NÃO INFORMADA;1;2025;1229820.98
418501;NÃO INFORMADA;1;2025;3144263.83
418161;NÃO INFORMADA;1;2025;0
418803;NÃO INFORMADA;1;2025;29800436.61
419010;NÃO INFORMADA;1;2025;109419425.89
419079;NÃO INFORMADA;1;2025;0
419427;NÃO INFORMADA;1;2025;14698496.26
418650;NÃO INFORMADA;1;2025;39977516.03
419150;NÃO INFORMADA;1;2025;14399546.91
418226;NÃO INFORMADA;1;2025;2646710.51
418994;NÃO INFORMADA;1;2025;152781.96
419257;NÃO INFORMADA;1;2025;0
419591;NÃO INFORMADA;1;2025;1731694.46
419851;NÃO INFORMADA;1;2025;3275601.67
418820;NÃO INFORMADA;1;2025;13556465.64
419354;NÃO INFORMADA;1;2025;265778.45
418285;NÃO INFORMADA;1;2025;38068396.05
418552;NÃO INFORMADA;1;2025;32296.83
419249;NÃO INFORMADA;1;2025;133089721.88
419486;NÃO INFORMADA;1;2025;20412618.43
419699;NÃO INFORMADA;1;2025;11436914.03
418731;NÃO INFORMADA;1;2025;17734440.41
419133;NÃO INFORMADA;1;2025;550344958.52
418919;NÃO INFORMADA;1;2025;15218872.76
418374;NÃO INFORMADA;1;2025;54801832.55
418587;NÃO INFORMADA;1;2025;17831881.82
419028;NÃO INFORMADA;1;2025;701051.50
419516;NÃO INFORMADA;1;2025;8957196.74
418170;NÃO INFORMADA;1;2025;94917219.12
418749;NÃO INFORMADA;1;2025;2059898.74
415901;NÃO INFORMADA;1;2025;352055.78
411752;NÃO INFORMADA;1;2025;60282432.86
414310;NÃO INFORMADA;1;2025;39736113.63
415243;NÃO INFORMADA;1;2025;1119774.42
412252;NÃO INFORMADA;1;2025;5911060.17
413372;NÃO INFORMADA;1;2025;5546310.35
413747;NÃO INFORMADA;1;2025;1091570.67
413160;NÃO INFORMADA;1;2025;11894959.84
413283;NÃO INFORMADA;1;2025;1068146.78
414573;NÃO INFORMADA;1;2025;19058690.50
414689;NÃO INFORMADA;1;2025;2205419.88
413429;NÃO INFORMADA;1;2025;4835841.78
414352;NÃO INFORMADA;1;2025;31271529.59
415014;NÃO INFORMADA;1;2025;30601467.25
411809;NÃO INFORMADA;1;2025;3406579.85
414026;NÃO INFORMADA;1;2025;1944122.38
415626;NÃO INFORMADA;1;2025;6299224.36
411256;NÃO INFORMADA;1;2025;123974482.73
412295;NÃO INFORMADA;1;2025;21205476.11
413267;NÃO INFORMADA;1;2025;765654.5
414701;NÃO INFORMADA;1;2025;2036373.55
413518;NÃO INFORMADA;1;2025;5434100.03
414581;NÃO INFORMADA;1;2025;49904301.94
411868;NÃO INFORMADA;1;2025;2064475.47
414387;NÃO INFORMADA;1;2025;1411201.71
408263;NÃO INFORMADA;1;2025;2679743.22
408794;NÃO INFORMADA;1;2025;8883012.55
409405;NÃO INFORMADA;1;2025;1395778.52
393533;NÃO INFORMADA;1;2025;10729978.83
397245;NÃO INFORMADA;1;2025;246697.19
406481;NÃO INFORMADA;1;2025;24154328.08
406937;NÃO INFORMADA;1;2025;6371037.24
407569;NÃO INFORMADA;1;2025;1699489.76
410128;NÃO INFORMADA;1;2025;10555499.51
407534;NÃO INFORMADA;1;2025;592595.19
408522;NÃO INFORMADA;1;2025;319247.03
385697;NÃO INFORMADA;1;2025;164417435.39
389854;NÃO INFORMADA;1;2025;3062615.40
402206;NÃO INFORMADA;1;2025;6601491.24
409413;NÃO INFORMADA;1;2025;3595532.42
386901;NÃO INFORMADA;1;2025;8072312.28
410292;NÃO INFORMADA;1;2025;18262795.30
390259;NÃO INFORMADA;1;2025;2109718.26
401081;NÃO INFORMADA;1;2025;30415474.36
406554;NÃO INFORMADA;1;2025;38013823.01
402966;NÃO INFORMADA;1;2025;6463184.83
409634;NÃO INFORMADA;1;2025;2028345.13
411248;NÃO INFORMADA;1;2025;1598909.16
387185;NÃO INFORMADA;1;2025;8648371.36
406945;NÃO INFORMADA;1;2025;14365691.11
410608;NÃO INFORMADA;1;2025;4177790.76
406635;NÃO INFORMADA;1;2025;2186783.49
408026;NÃO INFORMADA;1;2025;1340194.54
386588;NÃO INFORMADA;1;2025;91183688.73
394734;NÃO INFORMADA;1;2025;19656421.21
403962;NÃO INFORMADA;1;2025;15367303.69
409243;NÃO INFORMADA;1;2025;47665413.57
388092;NÃO INFORMADA;1;2025;2422794.10
401480;NÃO INFORMADA;1;2025;6427209.82
408034;NÃO INFORMADA;1;2025;1422065.87
409791;NÃO INFORMADA;1;2025;1525649.09
392804;NÃO INFORMADA;1;2025;109903670.11
406805;NÃO INFORMADA;1;2025;5360267.36
407011;NÃO INFORMADA;1;2025;207433400.67
410624;NÃO INFORMADA;1;2025;2731875.61
385620;NÃO INFORMADA;1;2025;27322423.36
395480;NÃO INFORMADA;1;2025;21219283.09
404241;NÃO INFORMADA;1;2025;6342103.04
408093;NÃO INFORMADA;1;2025;1055667.63
409286;NÃO INFORMADA;1;2025;111975.35
410110;NÃO INFORMADA;1;2025;7078679.61
389358;NÃO INFORMADA;1;2025;3523053.79
407224;NÃO INFORMADA;1;2025;1145478.30
410888;NÃO INFORMADA;1;2025;7098376.37
386596;NÃO INFORMADA;1;2025;36305855.55
402001;NÃO INFORMADA;1;2025;2632239.46
406813;NÃO INFORMADA;1;2025;1321393.86
415065;NÃO INFORMADA;1;2025;11491463.64
415111;NÃO INFORMADA;1;2025;65517597.38
412635;NÃO INFORMADA;1;2025;6501086.47
414662;NÃO INFORMADA;1;2025;3463335.72
414905;NÃO INFORMADA;1;2025;4020326.63
415081;NÃO INFORMADA;1;2025;660285.59
415693;NÃO INFORMADA;1;2025;41134991.98
412015;NÃO INFORMADA;1;2025;850430.12
412759;NÃO INFORMADA;1;2025;8160839.19
413534;NÃO INFORMADA;1;2025;234603134.93
414212;NÃO INFORMADA;1;2025;7263776.13
414654;NÃO INFORMADA;1;2025;1512152.54
411582;NÃO INFORMADA;1;2025;14220479.79
413330;NÃO INFORMADA;1;2025;11243418.20
414492;NÃO INFORMADA;1;2025;48631114.41
414930;NÃO INFORMADA;1;2025;24200838.05
415774;NÃO INFORMADA;1;2025;43075166.22
412058;NÃO INFORMADA;1;2025;8062365.53
412996;NÃO INFORMADA;1;2025;2223288.03
413721;NÃO INFORMADA;1;2025;7352396.40
353663;NÃO INFORMADA;1;2025;135530900.57
353876;NÃO INFORMADA;1;2025;12876180.11
354066;NÃO INFORMADA;1;2025;134261407.41
354511;NÃO INFORMADA;1;2025;38433165.46
351792;NÃO INFORMADA;1;2025;4406554.28
352501;NÃO INFORMADA;1;2025;1242828642.75
352543;NÃO INFORMADA;1;2025;42483248.27
353060;NÃO INFORMADA;1;2025;87659765.03
352314;NÃO INFORMADA;1;2025;26672372.83
354562;NÃO INFORMADA;1;2025;45621205.72
350346;NÃO INFORMADA;1;2025;7448851.93
354295;NÃO INFORMADA;1;2025;106214596.32
350770;NÃO INFORMADA;1;2025;1143349.91
350648;NÃO INFORMADA;1;2025;9326093.70
351776;NÃO INFORMADA;1;2025;7137096.01
351407;NÃO INFORMADA;1;2025;52213335.12
353027;NÃO INFORMADA;1;2025;22045480.82
353264;NÃO INFORMADA;1;2025;6802821.68
352331;NÃO INFORMADA;1;2025;322900499.76
352586;NÃO INFORMADA;1;2025;17389200.93
331104;NÃO INFORMADA;1;2025;877088.13
330108;NÃO INFORMADA;1;2025;38567275.74
324361;NÃO INFORMADA;1;2025;71029801.03
324566;NÃO INFORMADA;1;2025;36828683.35
325571;NÃO INFORMADA;1;2025;290757023.94
326861;NÃO INFORMADA;1;2025;76567540.17
328375;NÃO INFORMADA;1;2025;7036092.45
327638;NÃO INFORMADA;1;2025;5166530.53
329355;NÃO INFORMADA;1;2025;11264514.44
331317;NÃO INFORMADA;1;2025;118873124.83
327328;NÃO INFORMADA;1;2025;289740
328294;NÃO INFORMADA;1;2025;46484067.07
330566;NÃO INFORMADA;1;2025;36366359.35
324477;NÃO INFORMADA;1;2025;93864608.24
326500;NÃO INFORMADA;1;2025;97917033.71
327417;NÃO INFORMADA;1;2025;69231710.45
330116;NÃO INFORMADA;1;2025;12079513.59
328537;NÃO INFORMADA;1;2025;38638420.44
353698;NÃO INFORMADA;1;2025;9317914.78
354031;NÃO INFORMADA;1;2025;151092416.62
352179;NÃO INFORMADA;1;2025;25504601.18
352519;NÃO INFORMADA;1;2025;9263776.41
354279;NÃO INFORMADA;1;2025;29997116.33
350371;NÃO INFORMADA;1;2025;70018166.45
351202;NÃO INFORMADA;1;2025;289620949.96
353353;NÃO INFORMADA;1;2025;135457082.48
354325;NÃO INFORMADA;1;2025;24986419.84
350249;NÃO INFORMADA;1;2025;79679230.33
352683;NÃO INFORMADA;1;2025;81732542.71
350494;NÃO INFORMADA;1;2025;19934402.99
351270;NÃO INFORMADA;1;2025;9308570.84
350699;NÃO INFORMADA;1;2025;25869335.46
304131;NÃO INFORMADA;1;2025;29325256.32
304395;NÃO INFORMADA;1;2025;33733920.68
305421;NÃO INFORMADA;1;2025;834787.73
006246;NÃO INFORMADA;1;2025;6337801719.63
301574;NÃO INFORMADA;1;2025;75265301.41
302147;NÃO INFORMADA;1;2025;1419225487.65
303976;NÃO INFORMADA;1;2025;437671083.41
304484;NÃO INFORMADA;1;2025;15032160.39
301060;NÃO INFORMADA;1;2025;23861283.41
302953;NÃO INFORMADA;1;2025;160215113.39
301744;NÃO INFORMADA;1;2025;34888224.69
303739;NÃO INFORMADA;1;2025;53643834.72
300713;NÃO INFORMADA;1;2025;48024640.56
304212;NÃO INFORMADA;1;2025;2335685.07
304883;NÃO INFORMADA;1;2025;63680830.09
304441;NÃO INFORMADA;1;2025;4338048.15
304531;NÃO INFORMADA;1;2025;2499803.11
302228;NÃO INFORMADA;1;2025;6930737.59
303356;NÃO INFORMADA;1;2025;236574462.01
304051;NÃO INFORMADA;1;2025;47162189.26
301124;NÃO INFORMADA;1;2025;14767221.82
311715;NÃO INFORMADA;1;2025;44199907.05
311944;NÃO INFORMADA;1;2025;9246173.63
312363;NÃO INFORMADA;1;2025;1761357928.32
306398;NÃO INFORMADA;1;2025;194070991.10
307319;NÃO INFORMADA;1;2025;71627556.91
311391;NÃO INFORMADA;1;2025;3556607.99
305626;NÃO INFORMADA;1;2025;7385719.38
309524;NÃO INFORMADA;1;2025;7307841.11
311057;NÃO INFORMADA;1;2025;8024546.83
312282;NÃO INFORMADA;1;2025;10874268.39
312592;NÃO INFORMADA;1;2025;36015046.71
307751;NÃO INFORMADA;1;2025;29929855.48
311359;NÃO INFORMADA;1;2025;27078902.75
309087;NÃO INFORMADA;1;2025;28184042.10
305928;NÃO INFORMADA;1;2025;1956092.57
306126;NÃO INFORMADA;1;2025;52209542.49
310247;NÃO INFORMADA;1;2025;69965029.75
311618;NÃO INFORMADA;1;2025;39611380.00
311961;NÃO INFORMADA;1;2025;30030615.91
343064;NÃO INFORMADA;1;2025;22202058.95
340782;NÃO INFORMADA;1;2025;192388798.03
342157;NÃO INFORMADA;1;2025;3598388.97
342955;NÃO INFORMADA;1;2025;915572.55
341941;NÃO INFORMADA;1;2025;5271040.37
342084;NÃO INFORMADA;1;2025;420395037.25
342807;NÃO INFORMADA;1;2025;43083056.79
343129;NÃO INFORMADA;1;2025;7278228.86
343331;NÃO INFORMADA;1;2025;22339490.20
343684;NÃO INFORMADA;1;2025;17881859.41
343889;NÃO INFORMADA;1;2025;1731672510.99
340162;NÃO INFORMADA;1;2025;1379055.92
343731;NÃO INFORMADA;1;2025;293578183.20
337668;NÃO INFORMADA;1;2025;182685994.93
338346;NÃO INFORMADA;1;2025;21012770.58
342386;NÃO INFORMADA;1;2025;29297605.10
342203;NÃO INFORMADA;1;2025;4686183.88
343153;NÃO INFORMADA;1;2025;3512947.89
348261;NÃO INFORMADA;1;2025;16487836.92
348520;NÃO INFORMADA;1;2025;272461231.48
345709;NÃO INFORMADA;1;2025;52930656.98
346004;NÃO INFORMADA;1;2025;4216882.89
347795;NÃO INFORMADA;1;2025;1562128.66
344397;NÃO INFORMADA;1;2025;95086603.87
344800;NÃO INFORMADA;1;2025;76992033.11
345458;NÃO INFORMADA;1;2025;26750079.16
346951;NÃO INFORMADA;1;2025;17705331.82
347604;NÃO INFORMADA;1;2025;2477468.48
348180;NÃO INFORMADA;1;2025;103497702.18
344788;NÃO INFORMADA;1;2025;6162432.48
344915;NÃO INFORMADA;1;2025;1069996.13
346659;NÃO INFORMADA;1;2025;2121154458.55
349682;NÃO INFORMADA;1;2025;83388080.46
350141;NÃO INFORMADA;1;2025;66585127.35
347825;NÃO INFORMADA;1;2025;3329935.87
345741;NÃO INFORMADA;1;2025;1461682.33
346209;NÃO INFORMADA;1;2025;41272815.10
348295;NÃO INFORMADA;1;2025;275115608.32
348830;NÃO INFORMADA;1;2025;54877181.87
347108;NÃO INFORMADA;1;2025;12207587.32
347655;NÃO INFORMADA;1;2025;28087717.49
344451;NÃO INFORMADA;1;2025;4921409.81
345091;NÃO INFORMADA;1;2025;16626147.00
346870;NÃO INFORMADA;1;2025;2329956.75
348244;NÃO INFORMADA;1;2025;51786156.77
345598;NÃO INFORMADA;1;2025;95277903.45
348082;NÃO INFORMADA;1;2025;72333308.66
344362;NÃO INFORMADA;1;2025;51093536.85
345776;NÃO INFORMADA;1;2025;17133521.30
346926;NÃO INFORMADA;1;2025;401616294.10
347736;NÃO INFORMADA;1;2025;12489936.96
349712;NÃO INFORMADA;1;2025;128376180.28
344729;NÃO INFORMADA;1;2025;58604607.64
345318;NÃO INFORMADA;1;2025;4520634.17
346276;NÃO INFORMADA;1;2025;87570236.60
347507;NÃO INFORMADA;1;2025;71127004.97
349534;NÃO INFORMADA;1;2025;40168855.07
344885;NÃO INFORMADA;1;2025;564540022.90
423718;NÃO INFORMADA;1;2025;4663947.4
423742;NÃO INFORMADA;1;2025;0
423912;NÃO INFORMADA;1;2025;125920.19
423564;NÃO INFORMADA;1;2025;169123.11
423815;NÃO INFORMADA;1;2025;2107.37
424129;NÃO INFORMADA;1;2025;0
424170;NÃO INFORMADA;1;2025;218489.71
423629;NÃO INFORMADA;1;2025;4000001.02
424048;NÃO INFORMADA;1;2025;558411.02
424145;NÃO INFORMADA;1;2025;0
423858;NÃO INFORMADA;1;2025;0
423432;NÃO INFORMADA;1;2025;813879.99
423645;NÃO INFORMADA;1;2025;256310.17
423661;NÃO INFORMADA;1;2025;20691464.17
424161;NÃO INFORMADA;1;2025;0
423548;NÃO INFORMADA;1;2025;2708083.18
300730;NÃO INFORMADA;1;2025;910137.99
303178;NÃO INFORMADA;1;2025;20501217.40
303844;NÃO INFORMADA;1;2025;17596631.12
304344;NÃO INFORMADA;1;2025;29037285.40
300136;NÃO INFORMADA;1;2025;37442273.22
301949;NÃO INFORMADA;1;2025;220462348.06
304468;NÃO INFORMADA;1;2025;37705082.73
305227;NÃO INFORMADA;1;2025;30983505.07
302627;NÃO INFORMADA;1;2025;9959437.79
304701;NÃO INFORMADA;1;2025;1146226248.90
301728;NÃO INFORMADA;1;2025;18310087.35
304123;NÃO INFORMADA;1;2025;17604228.60
303623;NÃO INFORMADA;1;2025;193047280.02
303267;NÃO INFORMADA;1;2025;111292438.45
306754;NÃO INFORMADA;1;2025;11537123.85
306886;NÃO INFORMADA;1;2025;208701135.32
309907;NÃO INFORMADA;1;2025;58728914.32
311146;NÃO INFORMADA;1;2025;19112166.52
311847;NÃO INFORMADA;1;2025;108551660.40
312347;NÃO INFORMADA;1;2025;65268663.65
305472;NÃO INFORMADA;1;2025;33355373.96
306045;NÃO INFORMADA;1;2025;2391016.34
310239;NÃO INFORMADA;1;2025;5924910.45
310522;NÃO INFORMADA;1;2025;52692738.84
311375;NÃO INFORMADA;1;2025;64114448.95
308811;NÃO INFORMADA;1;2025;10806538.00
309222;NÃO INFORMADA;1;2025;578486304.34
312126;NÃO INFORMADA;1;2025;602721409.37
310981;NÃO INFORMADA;1;2025;3447026.87
306100;NÃO INFORMADA;1;2025;47798920.56
306762;NÃO INFORMADA;1;2025;67504765.46
311294;NÃO INFORMADA;1;2025;43471789.43
309028;NÃO INFORMADA;1;2025;2817470.33
422053;NÃO INFORMADA;1;2025;35121990.99
422371;NÃO INFORMADA;1;2025;7098552.59
422576;NÃO INFORMADA;1;2025;0
422681;NÃO INFORMADA;1;2025;22554985.50
423319;NÃO INFORMADA;1;2025;13780354.05
421766;NÃO INFORMADA;1;2025;16715726.86
422355;NÃO INFORMADA;1;2025;333065.96
423408;NÃO INFORMADA;1;2025;376454.29
422151;NÃO INFORMADA;1;2025;4020531.32
422746;NÃO INFORMADA;1;2025;445126.4
422835;NÃO INFORMADA;1;2025;3526467.71
421871;NÃO INFORMADA;1;2025;2877103.49
422070;NÃO INFORMADA;1;2025;21893087.11
423173;NÃO INFORMADA;1;2025;78919335.62
422304;NÃO INFORMADA;1;2025;1536634.02
422754;NÃO INFORMADA;1;2025;335240.73
423335;NÃO INFORMADA;1;2025;10637906.40
422401;NÃO INFORMADA;1;2025;0
422584;NÃO INFORMADA;1;2025;4910928.24
421421;NÃO INFORMADA;1;2025;65711632.52
421723;NÃO INFORMADA;1;2025;562104.04
420051;NÃO INFORMADA;1;2025;286461.05
420093;NÃO INFORMADA;1;2025;1296377.63
420166;NÃO INFORMADA;1;2025;44901401.74
420981;NÃO INFORMADA;1;2025;1952041.78
421341;NÃO INFORMADA;1;2025;25000491.84
420000;NÃO INFORMADA;1;2025;17696791.08
421715;NÃO INFORMADA;1;2025;1432615116.73
420930;NÃO INFORMADA;1;2025;785823.93
421561;NÃO INFORMADA;1;2025;233797.80
420107;NÃO INFORMADA;1;2025;0
420701;NÃO INFORMADA;1;2025;8447770.12
421154;NÃO INFORMADA;1;2025;12245618.91
419958;NÃO INFORMADA;1;2025;7996629.52
421359;NÃO INFORMADA;1;2025;4330693.25
421618;NÃO INFORMADA;1;2025;1459135.90
420786;NÃO INFORMADA;1;2025;6613725.29
421197;NÃO INFORMADA;1;2025;23328892.99
420841;NÃO INFORMADA;1;2025;0
421189;NÃO INFORMADA;1;2025;824855.91
421634;NÃO INFORMADA;1;2025;1062086.59
421707;NÃO INFORMADA;1;2025;4689255.13
420123;NÃO INFORMADA;1;2025;2199732.15
421367;NÃO INFORMADA;1;2025;1492316.23
420816;NÃO INFORMADA;1;2025;695800.62
421146;NÃO INFORMADA;1;2025;0
420077;NÃO INFORMADA;1;2025;70153782.72
421006;NÃO INFORMADA;1;2025;16250866.77
420158;NÃO INFORMADA;1;2025;24609286.51
419974;NÃO INFORMADA;1;2025;2654031.54
420085;NÃO INFORMADA;1;2025;3934466.95
422941;NÃO INFORMADA;1;2025;0
423181;NÃO INFORMADA;1;2025;193435.43
423262;NÃO INFORMADA;1;2025;142221.45
421928;NÃO INFORMADA;1;2025;91616088.56
422088;NÃO INFORMADA;1;2025;934007.36
422321;NÃO INFORMADA;1;2025;18433332.44
422398;NÃO INFORMADA;1;2025;23761205.83
422762;NÃO INFORMADA;1;2025;4466336.32
423017;NÃO INFORMADA;1;2025;0
423351;NÃO INFORMADA;1;2025;6106810.28
422134;NÃO INFORMADA;1;2025;0
422592;NÃO INFORMADA;1;2025;0
422959;NÃO INFORMADA;1;2025;1447566.53
423203;NÃO INFORMADA;1;2025;1887134.85
421731;NÃO INFORMADA;1;2025;13580437.66
421944;NÃO INFORMADA;1;2025;13733090.80
422631;NÃO INFORMADA;1;2025;1266535614.66
422126;NÃO INFORMADA;1;2025;0
422771;NÃO INFORMADA;1;2025;20645499.31
422029;NÃO INFORMADA;1;2025;63884780.99
422339;NÃO INFORMADA;1;2025;89295930.54
422479;NÃO INFORMADA;1;2025;54610.75
422827;NÃO INFORMADA;1;2025;6440851.42
360414;NÃO INFORMADA;1;2025;16672200.86
355577;NÃO INFORMADA;1;2025;22106164.78
357511;NÃO INFORMADA;1;2025;251767627.08
358053;NÃO INFORMADA;1;2025;12937837.50
358436;NÃO INFORMADA;1;2025;4527110.95
359289;NÃO INFORMADA;1;2025;57630694.97
358096;NÃO INFORMADA;1;2025;33084763.63
354619;NÃO INFORMADA;1;2025;10517654.36
356581;NÃO INFORMADA;1;2025;23502552.29
360244;NÃO INFORMADA;1;2025;73425592.20
355097;NÃO INFORMADA;1;2025;219313755.35
355593;NÃO INFORMADA;1;2025;18274218.11
357138;NÃO INFORMADA;1;2025;56770111.33
357669;NÃO INFORMADA;1;2025;5557728.97
358754;NÃO INFORMADA;1;2025;18372168.46
359033;NÃO INFORMADA;1;2025;13227710.71
359661;NÃO INFORMADA;1;2025;558787441.89
354783;NÃO INFORMADA;1;2025;103227299.58
355721;NÃO INFORMADA;1;2025;256976380.13
356417;NÃO INFORMADA;1;2025;144781172.24
357391;NÃO INFORMADA;1;2025;569164836.19
354627;NÃO INFORMADA;1;2025;14257923942.28
358088;NÃO INFORMADA;1;2025;71153600.27
358282;NÃO INFORMADA;1;2025;15503669.43
359122;NÃO INFORMADA;1;2025;28308558.73
355151;NÃO INFORMADA;1;2025;103111144.21
357715;NÃO INFORMADA;1;2025;12636067.61
357022;NÃO INFORMADA;1;2025;31337526.01
357260;NÃO INFORMADA;1;2025;59999109.47
358339;NÃO INFORMADA;1;2025;1541897.63
359777;NÃO INFORMADA;1;2025;83996669.08
355691;NÃO INFORMADA;1;2025;260916717.79
356123;NÃO INFORMADA;1;2025;62948359.40
359017;NÃO INFORMADA;1;2025;2535218804.12
354678;NÃO INFORMADA;1;2025;5039376.75
354996;NÃO INFORMADA;1;2025;9713726.77
356476;NÃO INFORMADA;1;2025;35204127.12
382639;NÃO INFORMADA;1;2025;578648.88
385255;NÃO INFORMADA;1;2025;39284890.27
380661;NÃO INFORMADA;1;2025;90337062.81
368920;NÃO INFORMADA;1;2025;25509306.02
371254;NÃO INFORMADA;1;2025;292554879.26
379280;NÃO INFORMADA;1;2025;53718156.43
369411;NÃO INFORMADA;1;2025;93851442.54
378216;NÃO INFORMADA;1;2025;17313970.25
370568;NÃO INFORMADA;1;2025;1502816.21
371106;NÃO INFORMADA;1;2025;68412810.51
372561;NÃO INFORMADA;1;2025;29586638.05
382655;NÃO INFORMADA;1;2025;1454091.37
384577;NÃO INFORMADA;1;2025;279828969.39
370711;NÃO INFORMADA;1;2025;1287560.99
371629;NÃO INFORMADA;1;2025;59973469.14
381144;NÃO INFORMADA;1;2025;1299121.59
370070;NÃO INFORMADA;1;2025;191461458.31
368253;NÃO INFORMADA;1;2025;2487523405.54
370592;NÃO INFORMADA;1;2025;4689079.94
365645;NÃO INFORMADA;1;2025;3306177.69
367087;NÃO INFORMADA;1;2025;108761642.26
360783;NÃO INFORMADA;1;2025;3031814.38
361569;NÃO INFORMADA;1;2025;4074802.27
364070;NÃO INFORMADA;1;2025;7363770.57
364592;NÃO INFORMADA;1;2025;15441334.45
366439;NÃO INFORMADA;1;2025;4088563.59
363286;NÃO INFORMADA;1;2025;14495628.84
366064;NÃO INFORMADA;1;2025;24695954.05
368148;NÃO INFORMADA;1;2025;29460260.03
361593;NÃO INFORMADA;1;2025;3093637.15
361941;NÃO INFORMADA;1;2025;27659675.71
366561;NÃO INFORMADA;1;2025;84625513.26
362832;NÃO INFORMADA;1;2025;10044641.39
364312;NÃO INFORMADA;1;2025;116672339.35
365238;NÃO INFORMADA;1;2025;18689812.34
367095;NÃO INFORMADA;1;2025;90904640.21
367613;NÃO INFORMADA;1;2025;4140974.06
363391;NÃO INFORMADA;1;2025;2522156.03
365777;NÃO INFORMADA;1;2025;29684794.30
361011;NÃO INFORMADA;1;2025;152463022.53
366340;NÃO INFORMADA;1;2025;13883155.32
360449;NÃO INFORMADA;1;2025;490586093.44
362140;NÃO INFORMADA;1;2025;23619999.10
363855;NÃO INFORMADA;1;2025;26086811.49
361615;NÃO INFORMADA;1;2025;39031021.66
367397;NÃO INFORMADA;1;2025;79234076.74
361461;NÃO INFORMADA;1;2025;22711942.97
363189;NÃO INFORMADA;1;2025;2986249.11
365530;NÃO INFORMADA;1;2025;13456607.19
364860;NÃO INFORMADA;1;2025;76932318.33
365785;NÃO INFORMADA;1;2025;1127770.20
364584;NÃO INFORMADA;1;2025;144024294.93
362573;NÃO INFORMADA;1;2025;13915701.63
369292;NÃO INFORMADA;1;2025;145129002.76
382281;NÃO INFORMADA;1;2025;858634.34
370975;NÃO INFORMADA;1;2025;15449910.00
382876;NÃO INFORMADA;1;2025;770684503.20
384704;NÃO INFORMADA;1;2025;7161768.85
372609;NÃO INFORMADA;1;2025;63639156.79
382540;NÃO INFORMADA;1;2025;23668132.63
369659;NÃO INFORMADA;1;2025;219416481.32
371564;NÃO INFORMADA;1;2025;12732090.39
371777;NÃO INFORMADA;1;2025;47422509.26
379956;NÃO INFORMADA;1;2025;492975457.45
368555;NÃO INFORMADA;1;2025;7762537.67
370681;NÃO INFORMADA;1;2025;55860208.97
370088;NÃO INFORMADA;1;2025;18587573.27
374440;NÃO INFORMADA;1;2025;9318699.34
422070;NÃO INFORMADA;2;2025;46440107.89
422371;NÃO INFORMADA;2;2025;17177743.45
422576;NÃO INFORMADA;2;2025;0
422959;NÃO INFORMADA;2;2025;2955686.70
424129;NÃO INFORMADA;2;2025;0
419249;NÃO INFORMADA;2;2025;269653012.02
419257;NÃO INFORMADA;2;2025;0
419354;NÃO INFORMADA;2;2025;267253.68
419699;NÃO INFORMADA;2;2025;24184852.33
420077;NÃO INFORMADA;2;2025;147797079.49
420841;NÃO INFORMADA;2;2025;0
421146;NÃO INFORMADA;2;2025;0
421197;NÃO INFORMADA;2;2025;48752887.34
421634;NÃO INFORMADA;2;2025;2110855.9
421707;NÃO INFORMADA;2;2025;6888696.77
422681;NÃO INFORMADA;2;2025;42455256.07
422771;NÃO INFORMADA;2;2025;42963498.13
421723;NÃO INFORMADA;2;2025;1133286.77
421871;NÃO INFORMADA;2;2025;6416989.66
422151;NÃO INFORMADA;2;2025;8242795.37
422355;NÃO INFORMADA;2;2025;854125.54
422762;NÃO INFORMADA;2;2025;11011490.47
423858;NÃO INFORMADA;2;2025;0
424544;NÃO INFORMADA;2;2025;0
419958;NÃO INFORMADA;2;2025;16988327.37
420786;NÃO INFORMADA;2;2025;14087641.84
421189;NÃO INFORMADA;2;2025;2090885.09
421618;NÃO INFORMADA;2;2025;2896762.79
422479;NÃO INFORMADA;2;2025;102243.04
424048;NÃO INFORMADA;2;2025;1663411.48
421367;NÃO INFORMADA;2;2025;2409646.53
309222;NÃO INFORMADA;2;2025;1171383909.86
309907;NÃO INFORMADA;2;2025;118346850.80
310239;NÃO INFORMADA;2;2025;12020042.83
311146;NÃO INFORMADA;2;2025;36368469.56
312282;NÃO INFORMADA;2;2025;22814610.98
312720;NÃO INFORMADA;2;2025;558817521.77
314587;NÃO INFORMADA;2;2025;24228207.88
315567;NÃO INFORMADA;2;2025;97918971.00
319121;NÃO INFORMADA;2;2025;414506468.94
319384;NÃO INFORMADA;2;2025;147395087.66
320820;NÃO INFORMADA;2;2025;29843187.50
320838;NÃO INFORMADA;2;2025;25612894.30
000582;NÃO INFORMADA;2;2025;3108445110.48
006246;NÃO INFORMADA;2;2025;12995071539.72
301728;NÃO INFORMADA;2;2025;38347657.30
301949;NÃO INFORMADA;2;2025;463260732.40
302627;NÃO INFORMADA;2;2025;22682410.59
303178;NÃO INFORMADA;2;2025;41765766.48
303356;NÃO INFORMADA;2;2025;495866370.97
304051;NÃO INFORMADA;2;2025;94829638.28
304441;NÃO INFORMADA;2;2025;8740884.05
305626;NÃO INFORMADA;2;2025;15710273.08
308811;NÃO INFORMADA;2;2025;22721482.54
310522;NÃO INFORMADA;2;2025;107920728.57
311618;NÃO INFORMADA;2;2025;80860288.10
314706;NÃO INFORMADA;2;2025;5941685.44
316458;NÃO INFORMADA;2;2025;13952286.15
321044;NÃO INFORMADA;2;2025;589535053.41
321087;NÃO INFORMADA;2;2025;34689819.22
317144;NÃO INFORMADA;2;2025;1642132990.22
303844;NÃO INFORMADA;2;2025;38481241.87
304531;NÃO INFORMADA;2;2025;4876713.77
306398;NÃO INFORMADA;2;2025;406631850.45
306762;NÃO INFORMADA;2;2025;138205396.08
355577;NÃO INFORMADA;2;2025;46133793.91
356581;NÃO INFORMADA;2;2025;47361048.96
357138;NÃO INFORMADA;2;2025;119741316.27
357260;NÃO INFORMADA;2;2025;124421740.51
360244;NÃO INFORMADA;2;2025;146845082.20
360449;NÃO INFORMADA;2;2025;1029348014.93
360783;NÃO INFORMADA;2;2025;6344514.42
361593;NÃO INFORMADA;2;2025;6611633.13
346209;NÃO INFORMADA;2;2025;81346678.29
347108;NÃO INFORMADA;2;2025;26691140.11
347655;NÃO INFORMADA;2;2025;60009218.74
350699;NÃO INFORMADA;2;2025;60808956.35
352519;NÃO INFORMADA;2;2025;19115620.86
353663;NÃO INFORMADA;2;2025;286241982.20
357022;NÃO INFORMADA;2;2025;63644130.23
357669;NÃO INFORMADA;2;2025;11525988.36
358282;NÃO INFORMADA;2;2025;29962321.10
358754;NÃO INFORMADA;2;2025;37790472.30
362573;NÃO INFORMADA;2;2025;29986636.67
369659;NÃO INFORMADA;2;2025;452078927.95
349682;NÃO INFORMADA;2;2025;186311529.56
351270;NÃO INFORMADA;2;2025;20247889.97
312347;NÃO INFORMADA;2;2025;127612350.56
313084;NÃO INFORMADA;2;2025;46041252.33
319180;NÃO INFORMADA;2;2025;33927200.97
319422;NÃO INFORMADA;2;2025;43908627.77
322571;NÃO INFORMADA;2;2025;93786740.92
319708;NÃO INFORMADA;2;2025;207651828.12
319996;NÃO INFORMADA;2;2025;1049152060.34
320251;NÃO INFORMADA;2;2025;131960344.97
000515;NÃO INFORMADA;2;2025;18483789.57
005711;NÃO INFORMADA;2;2025;24348720710.67
300713;NÃO INFORMADA;2;2025;98860905.24
302147;NÃO INFORMADA;2;2025;2925273527.74
303267;NÃO INFORMADA;2;2025;238448482.05
303623;NÃO INFORMADA;2;2025;398672726.22
304468;NÃO INFORMADA;2;2025;76864981.49
306126;NÃO INFORMADA;2;2025;110434933.12
311294;NÃO INFORMADA;2;2025;92628839.63
316873;NÃO INFORMADA;2;2025;74127833.36
319872;NÃO INFORMADA;2;2025;2298986.16
320706;NÃO INFORMADA;2;2025;255099751.34
320862;NÃO INFORMADA;2;2025;69919490.94
301744;NÃO INFORMADA;2;2025;69503518.21
302953;NÃO INFORMADA;2;2025;339510312.43
304123;NÃO INFORMADA;2;2025;36165101.11
408026;NÃO INFORMADA;2;2025;3258456.53
411752;NÃO INFORMADA;2;2025;122411378.26
412058;NÃO INFORMADA;2;2025;15758505.80
413330;NÃO INFORMADA;2;2025;22071336.66
414212;NÃO INFORMADA;2;2025;14523025.69
415014;NÃO INFORMADA;2;2025;63366681.23
416801;NÃO INFORMADA;2;2025;45301017.46
417947;NÃO INFORMADA;2;2025;68498619.76
418129;NÃO INFORMADA;2;2025;3378862.09
370070;NÃO INFORMADA;2;2025;392935716.05
370568;NÃO INFORMADA;2;2025;3853124.13
379956;NÃO INFORMADA;2;2025;1080104881.54
382540;NÃO INFORMADA;2;2025;52519889.79
382876;NÃO INFORMADA;2;2025;1583380373.78
385255;NÃO INFORMADA;2;2025;79618682.45
401480;NÃO INFORMADA;2;2025;12318638.35
403962;NÃO INFORMADA;2;2025;32775558.86
406635;NÃO INFORMADA;2;2025;4551677.19
409243;NÃO INFORMADA;2;2025;96991855.42
410608;NÃO INFORMADA;2;2025;9169756.27
412996;NÃO INFORMADA;2;2025;4436561.55
413551;NÃO INFORMADA;2;2025;387247.83
414654;NÃO INFORMADA;2;2025;3020190.55
414930;NÃO INFORMADA;2;2025;50473936.73
415693;NÃO INFORMADA;2;2025;82394871.12
415936;NÃO INFORMADA;2;2025;21457716.42
415944;NÃO INFORMADA;2;2025;65606.08
416398;NÃO INFORMADA;2;2025;33669484.96
418218;NÃO INFORMADA;2;2025;2945162.61
418226;NÃO INFORMADA;2;2025;5289815.25
418285;NÃO INFORMADA;2;2025;80119558.98
418501;NÃO INFORMADA;2;2025;7238487.36
418587;NÃO INFORMADA;2;2025;34451411.08
371254;NÃO INFORMADA;2;2025;603779077.74
374440;NÃO INFORMADA;2;2025;19226432.75
384704;NÃO INFORMADA;2;2025;14720686.62
395480;NÃO INFORMADA;2;2025;44139935.49
408794;NÃO INFORMADA;2;2025;17207573.81
411582;NÃO INFORMADA;2;2025;28449827.69
412759;NÃO INFORMADA;2;2025;17418103.39
413534;NÃO INFORMADA;2;2025;468579685.82
414581;NÃO INFORMADA;2;2025;103697056.18
414662;NÃO INFORMADA;2;2025;6500433.64
415081;NÃO INFORMADA;2;2025;1358246.6
415910;NÃO INFORMADA;2;2025;1241809.7
416428;NÃO INFORMADA;2;2025;2475476715.69
371564;NÃO INFORMADA;2;2025;25220836.89
371777;NÃO INFORMADA;2;2025;97082926.63
372609;NÃO INFORMADA;2;2025;129099245.55
392804;NÃO INFORMADA;2;2025;237201771.94
394734;NÃO INFORMADA;2;2025;37623474.87
406945;NÃO INFORMADA;2;2025;31098691.94
409634;NÃO INFORMADA;2;2025;4725205.06
414689;NÃO INFORMADA;2;2025;4875490.33
386596;NÃO INFORMADA;2;2025;71932597.61
389358;NÃO INFORMADA;2;2025;7231302.58
414387;NÃO INFORMADA;2;2025;2897499.41
414905;NÃO INFORMADA;2;2025;45124557.37
415065;NÃO INFORMADA;2;2025;24828471.11
415111;NÃO INFORMADA;2;2025;134102453.41
415626;NÃO INFORMADA;2;2025;13739922.57
415901;NÃO INFORMADA;2;2025;691592.31
416584;NÃO INFORMADA;2;2025;28727680.99
416690;NÃO INFORMADA;2;2025;43109625.27
416738;NÃO INFORMADA;2;2025;53540171.01
370681;NÃO INFORMADA;2;2025;114957408.00
373109;NÃO INFORMADA;2;2025;1928743.30
382281;NÃO INFORMADA;2;2025;2148534.93
384577;NÃO INFORMADA;2;2025;570073716.62
385620;NÃO INFORMADA;2;2025;56633208.42
402966;NÃO INFORMADA;2;2025;13717763.84
406554;NÃO INFORMADA;2;2025;63959987.00
410292;NÃO INFORMADA;2;2025;37652373.60
412015;NÃO INFORMADA;2;2025;1847957.39
414701;NÃO INFORMADA;2;2025;4375102.97
415987;NÃO INFORMADA;2;2025;2520943.32
417424;NÃO INFORMADA;2;2025;0
312363;NÃO INFORMADA;2;2025;3066386567.50
314366;NÃO INFORMADA;2;2025;1793748.22
314781;NÃO INFORMADA;2;2025;19916717.23
315265;NÃO INFORMADA;2;2025;44556193.31
315648;NÃO INFORMADA;2;2025;26897240.57
321273;NÃO INFORMADA;2;2025;463428365.70
321320;NÃO INFORMADA;2;2025;15652243.20
321958;NÃO INFORMADA;2;2025;187172811.62
322326;NÃO INFORMADA;2;2025;5490869.93
305421;NÃO INFORMADA;2;2025;1696054.97
306100;NÃO INFORMADA;2;2025;99406299.40
306886;NÃO INFORMADA;2;2025;425337966.54
318477;NÃO INFORMADA;2;2025;50546069.84
000884;NÃO INFORMADA;2;2025;166438934.62
304212;NÃO INFORMADA;2;2025;6655002.16
311359;NÃO INFORMADA;2;2025;57338162.89
311715;NÃO INFORMADA;2;2025;91730985.36
311944;NÃO INFORMADA;2;2025;18779032.28
312851;NÃO INFORMADA;2;2025;617697463.57
313149;NÃO INFORMADA;2;2025;4741789.98
314251;NÃO INFORMADA;2;2025;37900428.73
314668;NÃO INFORMADA;2;2025;127062191.37
315494;NÃO INFORMADA;2;2025;26904785.18
317012;NÃO INFORMADA;2;2025;42221546.64
320510;NÃO INFORMADA;2;2025;17375687.64
300136;NÃO INFORMADA;2;2025;76227584.15
301124;NÃO INFORMADA;2;2025;29990351.41
302228;NÃO INFORMADA;2;2025;14919023.73
303739;NÃO INFORMADA;2;2025;111230959.27
304131;NÃO INFORMADA;2;2025;59761169.23
304395;NÃO INFORMADA;2;2025;71816706.95
310247;NÃO INFORMADA;2;2025;139785105.07
313751;NÃO INFORMADA;2;2025;19749417.63
316148;NÃO INFORMADA;2;2025;105825067.01
320897;NÃO INFORMADA;2;2025;58895370.21
321125;NÃO INFORMADA;2;2025;9802954.36
304484;NÃO INFORMADA;2;2025;30108920.38
309087;NÃO INFORMADA;2;2025;62385228.81
311391;NÃO INFORMADA;2;2025;7247247.94
312126;NÃO INFORMADA;2;2025;1264678319.52
313475;NÃO INFORMADA;2;2025;6745471.91
315729;NÃO INFORMADA;2;2025;435383420.75
316881;NÃO INFORMADA;2;2025;94505704.94
316903;NÃO INFORMADA;2;2025;257845.10
316997;NÃO INFORMADA;2;2025;4370264.29
000701;NÃO INFORMADA;2;2025;2948351937.63
300730;NÃO INFORMADA;2;2025;1807293.18
303976;NÃO INFORMADA;2;2025;895912598.46
304701;NÃO INFORMADA;2;2025;2403227170.07
305227;NÃO INFORMADA;2;2025;64319251.24
305472;NÃO INFORMADA;2;2025;67256101.86
311057;NÃO INFORMADA;2;2025;16074310.56
314242;NÃO INFORMADA;2;2025;26311484.29
314315;NÃO INFORMADA;2;2025;7188619.13
306754;NÃO INFORMADA;2;2025;26395924.59
422029;NÃO INFORMADA;2;2025;141445386.80
422134;NÃO INFORMADA;2;2025;0
422398;NÃO INFORMADA;2;2025;47742665.68
422401;NÃO INFORMADA;2;2025;0
422584;NÃO INFORMADA;2;2025;12158145.62
422746;NÃO INFORMADA;2;2025;1516634.21
423017;NÃO INFORMADA;2;2025;0
423203;NÃO INFORMADA;2;2025;2133752.23
423645;NÃO INFORMADA;2;2025;57066.30
423718;NÃO INFORMADA;2;2025;9298723.09
423912;NÃO INFORMADA;2;2025;177539.47
419010;NÃO INFORMADA;2;2025;230832355.41
419567;NÃO INFORMADA;2;2025;0
419851;NÃO INFORMADA;2;2025;7124792.80
420000;NÃO INFORMADA;2;2025;34862935.00
420051;NÃO INFORMADA;2;2025;286461.05
420981;NÃO INFORMADA;2;2025;4270246.56
421341;NÃO INFORMADA;2;2025;52391484.33
421421;NÃO INFORMADA;2;2025;135254460.37
422835;NÃO INFORMADA;2;2025;10752593.28
423572;NÃO INFORMADA;2;2025;307454.33
419079;NÃO INFORMADA;2;2025;0
420271;NÃO INFORMADA;2;2025;8605719.04
421154;NÃO INFORMADA;2;2025;25241548.72
423181;NÃO INFORMADA;2;2025;340039.79
423319;NÃO INFORMADA;2;2025;25858911.34
423335;NÃO INFORMADA;2;2025;22767110.50
423815;NÃO INFORMADA;2;2025;37551.54
424145;NÃO INFORMADA;2;2025;0
419052;NÃO INFORMADA;2;2025;29064747.96
419141;NÃO INFORMADA;2;2025;71915163.26
419281;NÃO INFORMADA;2;2025;1056675.93
419524;NÃO INFORMADA;2;2025;604123.1
420093;NÃO INFORMADA;2;2025;2489456.27
420166;NÃO INFORMADA;2;2025;91890764.67
423441;NÃO INFORMADA;2;2025;3288491.51
423564;NÃO INFORMADA;2;2025;457763.32
419419;NÃO INFORMADA;2;2025;21063447.04
421731;NÃO INFORMADA;2;2025;33194818.19
422088;NÃO INFORMADA;2;2025;1976618.86
423262;NÃO INFORMADA;2;2025;265802.97
423629;NÃO INFORMADA;2;2025;9619155.98
420085;NÃO INFORMADA;2;2025;9390754.89
421944;NÃO INFORMADA;2;2025;29758033.38
422321;NÃO INFORMADA;2;2025;38761401.61
422380;NÃO INFORMADA;2;2025;4701165.29
422720;NÃO INFORMADA;2;2025;182650903.93
422827;NÃO INFORMADA;2;2025;14127510.46
423432;NÃO INFORMADA;2;2025;1737352.37
423548;NÃO INFORMADA;2;2025;9213308.54
419753;NÃO INFORMADA;2;2025;4659672.31
421928;NÃO INFORMADA;2;2025;208838346.74
422304;NÃO INFORMADA;2;2025;3001448.05
422487;NÃO INFORMADA;2;2025;4888161.76
423661;NÃO INFORMADA;2;2025;38468536.22
419028;NÃO INFORMADA;2;2025;1579051.54
419133;NÃO INFORMADA;2;2025;1153812230.88
419486;NÃO INFORMADA;2;2025;40231437.58
420158;NÃO INFORMADA;2;2025;59136884.46
420816;NÃO INFORMADA;2;2025;1364293.87
421006;NÃO INFORMADA;2;2025;30172788.53
421642;NÃO INFORMADA;2;2025;34367.81
423173;NÃO INFORMADA;2;2025;148098734.96
423351;NÃO INFORMADA;2;2025;12234662.2
419974;NÃO INFORMADA;2;2025;4783044.29
410128;NÃO INFORMADA;2;2025;22483235.49
411868;NÃO INFORMADA;2;2025;4447004.90
413283;NÃO INFORMADA;2;2025;2226537.73
414026;NÃO INFORMADA;2;2025;3871197.36
417530;NÃO INFORMADA;2;2025;167003980.74
417599;NÃO INFORMADA;2;2025;50644037.65
418803;NÃO INFORMADA;2;2025;63138458.76
418919;NÃO INFORMADA;2;2025;32739384.48
417718;NÃO INFORMADA;2;2025;0
417815;NÃO INFORMADA;2;2025;39029070.23
370088;NÃO INFORMADA;2;2025;36641361.00
386588;NÃO INFORMADA;2;2025;195191456.53
393533;NÃO INFORMADA;2;2025;22047949.93
401081;NÃO INFORMADA;2;2025;59923697.38
407569;NÃO INFORMADA;2;2025;3421666.04
408522;NÃO INFORMADA;2;2025;756291.51
409413;NÃO INFORMADA;2;2025;7715386.92
411248;NÃO INFORMADA;2;2025;3252307.38
412635;NÃO INFORMADA;2;2025;12578773.61
416568;NÃO INFORMADA;2;2025;156782632.90
417661;NÃO INFORMADA;2;2025;35265230.74
417831;NÃO INFORMADA;2;2025;1769720.55
417955;NÃO INFORMADA;2;2025;36276516.71
418021;NÃO INFORMADA;2;2025;187136041.91
418072;NÃO INFORMADA;2;2025;1073123.78
418170;NÃO INFORMADA;2;2025;181052561.95
388092;NÃO INFORMADA;2;2025;6271842.20
408263;NÃO INFORMADA;2;2025;5864572.36
409405;NÃO INFORMADA;2;2025;2410738.32
410888;NÃO INFORMADA;2;2025;15463252.34
411256;NÃO INFORMADA;2;2025;250486586.21
413267;NÃO INFORMADA;2;2025;1199547.23
414352;NÃO INFORMADA;2;2025;66069823.56
418374;NÃO INFORMADA;2;2025;99800225.12
370975;NÃO INFORMADA;2;2025;30904955.41
379280;NÃO INFORMADA;2;2025;112393930.35
382655;NÃO INFORMADA;2;2025;3199541.93
387185;NÃO INFORMADA;2;2025;16124775.22
402206;NÃO INFORMADA;2;2025;13407361.98
406937;NÃO INFORMADA;2;2025;13473223.76
413518;NÃO INFORMADA;2;2025;12208743.73
414573;NÃO INFORMADA;2;2025;38806921.22
418552;NÃO INFORMADA;2;2025;124534.83
417475;NÃO INFORMADA;2;2025;5232223.83
417491;NÃO INFORMADA;2;2025;3259765.55
417505;NÃO INFORMADA;2;2025;327983636.64
417548;NÃO INFORMADA;2;2025;92883341.26
381144;NÃO INFORMADA;2;2025;2681542.16
407534;NÃO INFORMADA;2;2025;1325834.82
408093;NÃO INFORMADA;2;2025;1929626.62
410110;NÃO INFORMADA;2;2025;14240927.38
411809;NÃO INFORMADA;2;2025;6778699.34
413429;NÃO INFORMADA;2;2025;9740478.04
416401;NÃO INFORMADA;2;2025;120123772.35
418617;NÃO INFORMADA;2;2025;22121295.53
417131;NÃO INFORMADA;2;2025;1176057.98
417211;NÃO INFORMADA;2;2025;35624960.04
417297;NÃO INFORMADA;2;2025;71650574.99
371106;NÃO INFORMADA;2;2025;143991604.58
371629;NÃO INFORMADA;2;2025;122793935.81
372561;NÃO INFORMADA;2;2025;68077104.86
390259;NÃO INFORMADA;2;2025;4309901.27
393321;NÃO INFORMADA;2;2025;65485414.37
406813;NÃO INFORMADA;2;2025;2748999.00
407224;NÃO INFORMADA;2;2025;2531035.11
412295;NÃO INFORMADA;2;2025;37497402.80
413747;NÃO INFORMADA;2;2025;2145423.15
416525;NÃO INFORMADA;2;2025;5167600.18
406481;NÃO INFORMADA;2;2025;48756961.63
409791;NÃO INFORMADA;2;2025;2923299.16
415243;NÃO INFORMADA;2;2025;2330029.47
417106;NÃO INFORMADA;2;2025;1307520.12
418650;NÃO INFORMADA;2;2025;81625334.80
418731;NÃO INFORMADA;2;2025;38123214.42
418749;NÃO INFORMADA;2;2025;4502737.67
370711;NÃO INFORMADA;2;2025;2713776.45
385697;NÃO INFORMADA;2;2025;342589818.64
407011;NÃO INFORMADA;2;2025;443556763.12
408034;NÃO INFORMADA;2;2025;2562330.59
412252;NÃO INFORMADA;2;2025;14028614.89
413372;NÃO INFORMADA;2;2025;11517784.48
414492;NÃO INFORMADA;2;2025;104587342.97
416495;NÃO INFORMADA;2;2025;39534393.78
418820;NÃO INFORMADA;2;2025;28258932.66
389854;NÃO INFORMADA;2;2025;6927894.92
404241;NÃO INFORMADA;2;2025;12492943.99
406805;NÃO INFORMADA;2;2025;11291142.64
333239;NÃO INFORMADA;2;2025;628262.89
333689;NÃO INFORMADA;2;2025;766873669.49
334847;NÃO INFORMADA;2;2025;11582776.61
335479;NÃO INFORMADA;2;2025;255007505.92
337561;NÃO INFORMADA;2;2025;11865017.62
342343;NÃO INFORMADA;2;2025;72270495.15
343684;NÃO INFORMADA;2;2025;36464976.54
343722;NÃO INFORMADA;2;2025;11930952.57
343731;NÃO INFORMADA;2;2025;580692880.07
345709;NÃO INFORMADA;2;2025;106820963.25
344141;NÃO INFORMADA;2;2025;10670147.91
323004;NÃO INFORMADA;2;2025;14046889.68
330108;NÃO INFORMADA;2;2025;79456115.94
330281;NÃO INFORMADA;2;2025;25966277.39
343889;NÃO INFORMADA;2;2025;3561210035.43
344184;NÃO INFORMADA;2;2025;3061146.12
344362;NÃO INFORMADA;2;2025;102611623.67
344397;NÃO INFORMADA;2;2025;197065519.69
344729;NÃO INFORMADA;2;2025;117597129.19
344788;NÃO INFORMADA;2;2025;14998861.57
324299;NÃO INFORMADA;2;2025;17515076.04
325082;NÃO INFORMADA;2;2025;9409679.51
325236;NÃO INFORMADA;2;2025;46071397.51
328537;NÃO INFORMADA;2;2025;77367589.84
331104;NÃO INFORMADA;2;2025;1716136.77
335541;NÃO INFORMADA;2;2025;45866960.95
343056;NÃO INFORMADA;2;2025;2736480.76
343153;NÃO INFORMADA;2;2025;6859772.63
343269;NÃO INFORMADA;2;2025;709132112.72
343404;NÃO INFORMADA;2;2025;958171.86
344800;NÃO INFORMADA;2;2025;155092182.02
343463;NÃO INFORMADA;2;2025;39379213.77
343676;NÃO INFORMADA;2;2025;30146765.80
323080;NÃO INFORMADA;2;2025;2783384734.47
323993;NÃO INFORMADA;2;2025;90437981.00
324175;NÃO INFORMADA;2;2025;29670078.62
324345;NÃO INFORMADA;2;2025;89693066.76
324523;NÃO INFORMADA;2;2025;2368.26
327417;NÃO INFORMADA;2;2025;140242714.23
328294;NÃO INFORMADA;2;2025;95852914.33
330892;NÃO INFORMADA;2;2025;15877786.49
331872;NÃO INFORMADA;2;2025;436644918.63
333051;NÃO INFORMADA;2;2025;169778509.62
334511;NÃO INFORMADA;2;2025;6926022.4
336831;NÃO INFORMADA;2;2025;72478708.13
343331;NÃO INFORMADA;2;2025;44930522.88
329355;NÃO INFORMADA;2;2025;24045855.76
352586;NÃO INFORMADA;2;2025;33708789.78
353027;NÃO INFORMADA;2;2025;44916298.20
358053;NÃO INFORMADA;2;2025;50486179.96
359777;NÃO INFORMADA;2;2025;171173403.62
367087;NÃO INFORMADA;2;2025;224989155.89
350346;NÃO INFORMADA;2;2025;14438306.93
353876;NÃO INFORMADA;2;2025;25300611.65
354783;NÃO INFORMADA;2;2025;215968495.95
355097;NÃO INFORMADA;2;2025;471595969.09
359033;NÃO INFORMADA;2;2025;26847112.72
361461;NÃO INFORMADA;2;2025;45233219.12
361941;NÃO INFORMADA;2;2025;56777925.45
367397;NÃO INFORMADA;2;2025;166494744.71
368148;NÃO INFORMADA;2;2025;59089833.70
368253;NÃO INFORMADA;2;2025;5804326285.69
368555;NÃO INFORMADA;2;2025;15081947.34
348295;NÃO INFORMADA;2;2025;576846898.19
351792;NÃO INFORMADA;2;2025;4667658.43
354279;NÃO INFORMADA;2;2025;59553758.81
354325;NÃO INFORMADA;2;2025;49892803.78
354619;NÃO INFORMADA;2;2025;22389800.64
354996;NÃO INFORMADA;2;2025;20708691.64
355691;NÃO INFORMADA;2;2025;551610993.23
358088;NÃO INFORMADA;2;2025;140713278.60
359289;NÃO INFORMADA;2;2025;125070593.86
359661;NÃO INFORMADA;2;2025;1207971298.20
360414;NÃO INFORMADA;2;2025;34246033.56
346659;NÃO INFORMADA;2;2025;4431004821.57
347825;NÃO INFORMADA;2;2025;6522676.21
348180;NÃO INFORMADA;2;2025;209132443.87
348520;NÃO INFORMADA;2;2025;627336159.65
349712;NÃO INFORMADA;2;2025;266550833.34
350494;NÃO INFORMADA;2;2025;42061587.70
352179;NÃO INFORMADA;2;2025;53081646.45
353060;NÃO INFORMADA;2;2025;176707600.03
361011;NÃO INFORMADA;2;2025;294665549.49
364860;NÃO INFORMADA;2;2025;163256187.59
345741;NÃO INFORMADA;2;2025;2346689.39
311375;NÃO INFORMADA;2;2025;133352134.34
311847;NÃO INFORMADA;2;2025;221614051.33
311961;NÃO INFORMADA;2;2025;59311307.58
312592;NÃO INFORMADA;2;2025;74868538.69
313211;NÃO INFORMADA;2;2025;90292690.75
314099;NÃO INFORMADA;2;2025;148213053.90
315583;NÃO INFORMADA;2;2025;23724051.83
315796;NÃO INFORMADA;2;2025;288655847.42
318035;NÃO INFORMADA;2;2025;37669660.82
318213;NÃO INFORMADA;2;2025;62065302.07
318299;NÃO INFORMADA;2;2025;143611000.85
318388;NÃO INFORMADA;2;2025;80228053.68
318566;NÃO INFORMADA;2;2025;78678423.31
301060;NÃO INFORMADA;2;2025;48275460.63
301574;NÃO INFORMADA;2;2025;155413773.73
304344;NÃO INFORMADA;2;2025;61015568.09
307319;NÃO INFORMADA;2;2025;153230575.99
309028;NÃO INFORMADA;2;2025;5837562.92
310981;NÃO INFORMADA;2;2025;7268566.17
305928;NÃO INFORMADA;2;2025;4216318.28
335614;NÃO INFORMADA;2;2025;733448667.78
335690;NÃO INFORMADA;2;2025;1906649490.30
336017;NÃO INFORMADA;2;2025;2102400.55
337188;NÃO INFORMADA;2;2025;196196345.16
341941;NÃO INFORMADA;2;2025;10775935.50
342131;NÃO INFORMADA;2;2025;22269436.08
345318;NÃO INFORMADA;2;2025;9837029.40
342955;NÃO INFORMADA;2;2025;1892620.01
343064;NÃO INFORMADA;2;2025;45049365.92
343129;NÃO INFORMADA;2;2025;14957670.17
323357;NÃO INFORMADA;2;2025;73885906.73
325031;NÃO INFORMADA;2;2025;65137560.25
325465;NÃO INFORMADA;2;2025;17580027.19
326500;NÃO INFORMADA;2;2025;193119533.25
327638;NÃO INFORMADA;2;2025;10262992.01
328375;NÃO INFORMADA;2;2025;14658474.91
331341;NÃO INFORMADA;2;2025;126811335.38
333875;NÃO INFORMADA;2;2025;28729356.83
344451;NÃO INFORMADA;2;2025;10430394.62
333662;NÃO INFORMADA;2;2025;142831049.22
335100;NÃO INFORMADA;2;2025;924359329.58
335258;NÃO INFORMADA;2;2025;11268743.61
336467;NÃO INFORMADA;2;2025;15544006.30
337498;NÃO INFORMADA;2;2025;46925732.05
343765;NÃO INFORMADA;2;2025;17786597.34
329339;NÃO INFORMADA;2;2025;233424391.51
330809;NÃO INFORMADA;2;2025;50385245.77
334243;NÃO INFORMADA;2;2025;3931072.92
344885;NÃO INFORMADA;2;2025;1155819133.42
344915;NÃO INFORMADA;2;2025;2047447.21
324493;NÃO INFORMADA;2;2025;111079038.40
327328;NÃO INFORMADA;2;2025;582230
330264;NÃO INFORMADA;2;2025;85570158.44
352501;NÃO INFORMADA;2;2025;2589770273.04
354066;NÃO INFORMADA;2;2025;270285799.19
354295;NÃO INFORMADA;2;2025;229480173.05
355593;NÃO INFORMADA;2;2025;37596768.08
357511;NÃO INFORMADA;2;2025;528913242.10
365530;NÃO INFORMADA;2;2025;26544890.16
367095;NÃO INFORMADA;2;2025;192673379.18
345776;NÃO INFORMADA;2;2025;34601721.09
347507;NÃO INFORMADA;2;2025;149495586.46
347736;NÃO INFORMADA;2;2025;25466934.04
348082;NÃO INFORMADA;2;2025;140727338.98
350141;NÃO INFORMADA;2;2025;138658587.51
350648;NÃO INFORMADA;2;2025;20135885.23
355721;NÃO INFORMADA;2;2025;531852396.93
357715;NÃO INFORMADA;2;2025;26872376.87
358096;NÃO INFORMADA;2;2025;68753475.71
358339;NÃO INFORMADA;2;2025;3021670.60
361615;NÃO INFORMADA;2;2025;80876637.88
367613;NÃO INFORMADA;2;2025;8235018.98
363286;NÃO INFORMADA;2;2025;29662081.47
363855;NÃO INFORMADA;2;2025;51185068.54
346276;NÃO INFORMADA;2;2025;174658649.92
352314;NÃO INFORMADA;2;2025;56042338.72
309524;NÃO INFORMADA;2;2025;15294145.94
314218;NÃO INFORMADA;2;2025;345837248.10
315044;NÃO INFORMADA;2;2025;128549077.26
306045;NÃO INFORMADA;2;2025;4254057.50
307751;NÃO INFORMADA;2;2025;65988203.62
352543;NÃO INFORMADA;2;2025;93141839.36
352683;NÃO INFORMADA;2;2025;171786725.32
353353;NÃO INFORMADA;2;2025;284946024.57
353698;NÃO INFORMADA;2;2025;20217652.83
354678;NÃO INFORMADA;2;2025;10427893.47
358436;NÃO INFORMADA;2;2025;9697733.78
359017;NÃO INFORMADA;2;2025;5674590400.34
362832;NÃO INFORMADA;2;2025;21778637.82
364592;NÃO INFORMADA;2;2025;28954677.79
356123;NÃO INFORMADA;2;2025;129334945.77
356417;NÃO INFORMADA;2;2025;305907384.72
346951;NÃO INFORMADA;2;2025;36567335.43
350371;NÃO INFORMADA;2;2025;137175146.70
351776;NÃO INFORMADA;2;2025;14805629.30
364312;NÃO INFORMADA;2;2025;245745431.04
364584;NÃO INFORMADA;2;2025;299403728.01
365238;NÃO INFORMADA;2;2025;38059984.03
365645;NÃO INFORMADA;2;2025;3306177.69
365777;NÃO INFORMADA;2;2025;62406754.21
346004;NÃO INFORMADA;2;2025;9590115.59
347604;NÃO INFORMADA;2;2025;5463343.71
347795;NÃO INFORMADA;2;2025;3380082.72
348261;NÃO INFORMADA;2;2025;34647954.37
349534;NÃO INFORMADA;2;2025;85618964.44
350249;NÃO INFORMADA;2;2025;170329011.83
351202;NÃO INFORMADA;2;2025;603706375.65
333867;NÃO INFORMADA;2;2025;10110525.07
334561;NÃO INFORMADA;2;2025;505330386.57
335592;NÃO INFORMADA;2;2025;637377906.13
335789;NÃO INFORMADA;2;2025;17387116.69
338648;NÃO INFORMADA;2;2025;101496361.22
339679;NÃO INFORMADA;2;2025;6112496858.67
339954;NÃO INFORMADA;2;2025;448573756.86
340251;NÃO INFORMADA;2;2025;59043779.85
341819;NÃO INFORMADA;2;2025;1427554.42
342203;NÃO INFORMADA;2;2025;9832745.34
345091;NÃO INFORMADA;2;2025;36359511.40
345458;NÃO INFORMADA;2;2025;55726563.63
345598;NÃO INFORMADA;2;2025;159477868.91
322890;NÃO INFORMADA;2;2025;2611895.41
323942;NÃO INFORMADA;2;2025;22274369.22
325571;NÃO INFORMADA;2;2025;606498074.68
326861;NÃO INFORMADA;2;2025;152674721.98
329886;NÃO INFORMADA;2;2025;56693650.79
335517;NÃO INFORMADA;2;2025;57070920.82
336858;NÃO INFORMADA;2;2025;6663874557.92
339458;NÃO INFORMADA;2;2025;2396044.51
340782;NÃO INFORMADA;2;2025;430895885.82
342033;NÃO INFORMADA;2;2025;423778178.37
323055;NÃO INFORMADA;2;2025;35849045.55
324159;NÃO INFORMADA;2;2025;46968190.82
324477;NÃO INFORMADA;2;2025;180763078.86
330116;NÃO INFORMADA;2;2025;24960404.00
330566;NÃO INFORMADA;2;2025;77455026.14
331317;NÃO INFORMADA;2;2025;255540802.36
331988;NÃO INFORMADA;2;2025;284822194.08
327557;NÃO INFORMADA;2;2025;59768508.39
334154;NÃO INFORMADA;2;2025;66608593.77
335215;NÃO INFORMADA;2;2025;117695571.78
335754;NÃO INFORMADA;2;2025;60064986.83
336106;NÃO INFORMADA;2;2025;249134912.54
337374;NÃO INFORMADA;2;2025;166643355.58
337668;NÃO INFORMADA;2;2025;357886933.92
337871;NÃO INFORMADA;2;2025;104484058.96
338346;NÃO INFORMADA;2;2025;43330616.54
342084;NÃO INFORMADA;2;2025;850253335.64
342556;NÃO INFORMADA;2;2025;126591974.94
322831;NÃO INFORMADA;2;2025;46926809.57
323268;NÃO INFORMADA;2;2025;243128168.45
323926;NÃO INFORMADA;2;2025;58703464.01
324566;NÃO INFORMADA;2;2025;77414792.96
326305;NÃO INFORMADA;2;2025;13151430823.24
327352;NÃO INFORMADA;2;2025;19877287.10
327689;NÃO INFORMADA;2;2025;566585340.24
328308;NÃO INFORMADA;2;2025;23185708.20
331651;NÃO INFORMADA;2;2025;77422852.76
333808;NÃO INFORMADA;2;2025;29208225.23
410624;NÃO INFORMADA;2;2025;5575399.38
413721;NÃO INFORMADA;2;2025;15171479.88
414310;NÃO INFORMADA;2;2025;83187660.82
415774;NÃO INFORMADA;2;2025;87012925.95
418137;NÃO INFORMADA;2;2025;13934669.41
370592;NÃO INFORMADA;2;2025;10168912.51
380661;NÃO INFORMADA;2;2025;190173976.04
386901;NÃO INFORMADA;2;2025;18675984.07
409286;NÃO INFORMADA;2;2025;244554.93
413160;NÃO INFORMADA;2;2025;24380531.08
417220;NÃO INFORMADA;2;2025;1272682.85
378216;NÃO INFORMADA;2;2025;34725020.44
382639;NÃO INFORMADA;2;2025;1488821.72
397245;NÃO INFORMADA;2;2025;550186.44
402001;NÃO INFORMADA;2;2025;5312387.40
354562;NÃO INFORMADA;2;2025;105939029.22
359122;NÃO INFORMADA;2;2025;54704802.08
361569;NÃO INFORMADA;2;2025;7228440.08
368920;NÃO INFORMADA;2;2025;52642734.93
369292;NÃO INFORMADA;2;2025;303773441.45
363189;NÃO INFORMADA;2;2025;5651758.68
363391;NÃO INFORMADA;2;2025;5182447.91
364070;NÃO INFORMADA;2;2025;15512111.91
351407;NÃO INFORMADA;2;2025;99648554.41
355151;NÃO INFORMADA;2;2025;213751584.13
362140;NÃO INFORMADA;2;2025;44396797.03
369411;NÃO INFORMADA;2;2025;185078877.73
354031;NÃO INFORMADA;2;2025;305505421.84
365785;NÃO INFORMADA;2;2025;2376241.64
366064;NÃO INFORMADA;2;2025;53130108.76
366340;NÃO INFORMADA;2;2025;28759109.51
352331;NÃO INFORMADA;2;2025;674610294.02
366439;NÃO INFORMADA;2;2025;9286976.64
366561;NÃO INFORMADA;2;2025;173021948.98
356476;NÃO INFORMADA;2;2025;73526102.50
315478;NÃO INFORMADA;2;2025;915922999.88
321338;NÃO INFORMADA;2;2025;534454.41
321931;NÃO INFORMADA;2;2025;24816293.38
317233;NÃO INFORMADA;2;2025;169634331.34
317632;NÃO INFORMADA;2;2025;186517709.92
304883;NÃO INFORMADA;2;2025;134313664.31
316849;NÃO INFORMADA;2;2025;3525658.57
317896;NÃO INFORMADA;2;2025;22576842.31
353264;NÃO INFORMADA;2;2025;14074649.50
354511;NÃO INFORMADA;2;2025;91749870.18
354627;NÃO INFORMADA;2;2025;14279249296.53
357391;NÃO INFORMADA;2;2025;1166699879.57
346926;NÃO INFORMADA;2;2025;748576279.39
348244;NÃO INFORMADA;2;2025;85370603.32
348830;NÃO INFORMADA;2;2025;114622185.03
350770;NÃO INFORMADA;2;2025;2459482.19
340952;NÃO INFORMADA;2;2025;219129330.56
342386;NÃO INFORMADA;2;2025;62141145.87
342807;NÃO INFORMADA;2;2025;90327028.02
324361;NÃO INFORMADA;2;2025;148860783.39
326755;NÃO INFORMADA;2;2025;123096211.57
329665;NÃO INFORMADA;2;2025;14855424.75
335657;NÃO INFORMADA;2;2025;14436024.99
340162;NÃO INFORMADA;2;2025;2733947.52
342157;NÃO INFORMADA;2;2025;8676284.68
342611;NÃO INFORMADA;2;2025;205859489.41
324213;NÃO INFORMADA;2;2025;2275258.07
327468;NÃO INFORMADA;2;2025;11862396.09
422053;NÃO INFORMADA;2;2025;77147283.59
424161;NÃO INFORMADA;2;2025;0
424188;NÃO INFORMADA;2;2025;1227812659.72
420701;NÃO INFORMADA;2;2025;18766962.67
420930;NÃO INFORMADA;2;2025;883474.43
421359;NÃO INFORMADA;2;2025;8668151.25
422631;NÃO INFORMADA;2;2025;2684821883.52
422941;NÃO INFORMADA;2;2025;2840
419591;NÃO INFORMADA;2;2025;2918105.25
420123;NÃO INFORMADA;2;2025;4085011.94
422339;NÃO INFORMADA;2;2025;189925256.95
422592;NÃO INFORMADA;2;2025;24358.7
422754;NÃO INFORMADA;2;2025;572112.86
419150;NÃO INFORMADA;2;2025;30637913.85
421766;NÃO INFORMADA;2;2025;38104489.01
424170;NÃO INFORMADA;2;2025;635810.64
418994;NÃO INFORMADA;2;2025;306660.48
419427;NÃO INFORMADA;2;2025;30557096.93
421561;NÃO INFORMADA;2;2025;427635.26
421715;NÃO INFORMADA;2;2025;2914430837.29
347507;NÃO INFORMADA;3;2025;232661785.27
347736;NÃO INFORMADA;3;2025;38694426.38
348082;NÃO INFORMADA;3;2025;213868759.23
348244;NÃO INFORMADA;3;2025;120370833.34
325571;NÃO INFORMADA;3;2025;942297559.32
327352;NÃO INFORMADA;3;2025;30666065.92
328308;NÃO INFORMADA;3;2025;36640640.66
333239;NÃO INFORMADA;3;2025;949872.53
335479;NÃO INFORMADA;3;2025;383801079.85
336831;NÃO INFORMADA;3;2025;114341889.87
342084;NÃO INFORMADA;3;2025;1276468046.76
343064;NÃO INFORMADA;3;2025;67031697.69
343269;NÃO INFORMADA;3;2025;1090828745.13
343722;NÃO INFORMADA;3;2025;19126689.73
344397;NÃO INFORMADA;3;2025;303557694.92
344800;NÃO INFORMADA;3;2025;233314469.35
346276;NÃO INFORMADA;3;2025;265099444.31
327557;NÃO INFORMADA;3;2025;91218216.69
331651;NÃO INFORMADA;3;2025;118781371.98
337561;NÃO INFORMADA;3;2025;18505119.18
340251;NÃO INFORMADA;3;2025;86270948.60
342955;NÃO INFORMADA;3;2025;3010870.58
343676;NÃO INFORMADA;3;2025;46548644.87
344141;NÃO INFORMADA;3;2025;16730818.91
344885;NÃO INFORMADA;3;2025;1792257209.97
345776;NÃO INFORMADA;3;2025;54371979.24
346926;NÃO INFORMADA;3;2025;1113905285.72
348295;NÃO INFORMADA;3;2025;893597434.83
325236;NÃO INFORMADA;3;2025;73551242.94
326305;NÃO INFORMADA;3;2025;20361170774.29
327468;NÃO INFORMADA;3;2025;21185215.05
327689;NÃO INFORMADA;3;2025;851582271.21
329665;NÃO INFORMADA;3;2025;29735751.96
330108;NÃO INFORMADA;3;2025;123029335.31
331104;NÃO INFORMADA;3;2025;2591812.29
334847;NÃO INFORMADA;3;2025;18733770.19
335541;NÃO INFORMADA;3;2025;67108929.32
335614;NÃO INFORMADA;3;2025;1202689529.37
337188;NÃO INFORMADA;3;2025;312003368.45
342157;NÃO INFORMADA;3;2025;13719854.34
343765;NÃO INFORMADA;3;2025;27005765.59
333689;NÃO INFORMADA;3;2025;1246183847.72
334511;NÃO INFORMADA;3;2025;8024704.29
338648;NÃO INFORMADA;3;2025;159355256.19
345318;NÃO INFORMADA;3;2025;14931880.42
345598;NÃO INFORMADA;3;2025;231494403.49
324566;NÃO INFORMADA;3;2025;117930178.50
325082;NÃO INFORMADA;3;2025;15954044.23
326755;NÃO INFORMADA;3;2025;194208613.99
328537;NÃO INFORMADA;3;2025;120897872.58
330281;NÃO INFORMADA;3;2025;39806325.08
331872;NÃO INFORMADA;3;2025;665959320.47
333051;NÃO INFORMADA;3;2025;261748566.14
333875;NÃO INFORMADA;3;2025;44420283.94
335690;NÃO INFORMADA;3;2025;2955104326.06
337498;NÃO INFORMADA;3;2025;72853718.86
339679;NÃO INFORMADA;3;2025;9432915617.88
341941;NÃO INFORMADA;3;2025;15987341.21
342343;NÃO INFORMADA;3;2025;113402225.92
343056;NÃO INFORMADA;3;2025;4318228.30
344729;NÃO INFORMADA;3;2025;177673203.39
336017;NÃO INFORMADA;3;2025;3369339.78
342611;NÃO INFORMADA;3;2025;319041334.61
343463;NÃO INFORMADA;3;2025;62363206.25
371564;NÃO INFORMADA;3;2025;37570637.16
371777;NÃO INFORMADA;3;2025;155672462.32
372609;NÃO INFORMADA;3;2025;196929732.82
353060;NÃO INFORMADA;3;2025;274711980.88
354325;NÃO INFORMADA;3;2025;79064376.05
354996;NÃO INFORMADA;3;2025;32131570.03
355691;NÃO INFORMADA;3;2025;865316223.66
357391;NÃO INFORMADA;3;2025;1845995908.63
358096;NÃO INFORMADA;3;2025;103625894.95
360244;NÃO INFORMADA;3;2025;221535930.01
360449;NÃO INFORMADA;3;2025;1606650891.73
360783;NÃO INFORMADA;3;2025;10428010.23
361615;NÃO INFORMADA;3;2025;123538003.02
362140;NÃO INFORMADA;3;2025;68025380.83
363391;NÃO INFORMADA;3;2025;7999207.77
364312;NÃO INFORMADA;3;2025;368206404.38
366064;NÃO INFORMADA;3;2025;82710978.56
368253;NÃO INFORMADA;3;2025;8486230521.10
369292;NÃO INFORMADA;3;2025;459115395.14
370568;NÃO INFORMADA;3;2025;6282279.51
355577;NÃO INFORMADA;3;2025;71134659.81
357669;NÃO INFORMADA;3;2025;17412261.88
361461;NÃO INFORMADA;3;2025;70682889.33
367613;NÃO INFORMADA;3;2025;12496968.68
417840;NÃO INFORMADA;3;2025;1671197.84
418170;NÃO INFORMADA;3;2025;275617350.22
419257;NÃO INFORMADA;3;2025;0
379956;NÃO INFORMADA;3;2025;1683425006.30
382540;NÃO INFORMADA;3;2025;83041791.01
382876;NÃO INFORMADA;3;2025;2388937627.85
385255;NÃO INFORMADA;3;2025;122230213.54
386596;NÃO INFORMADA;3;2025;109865822.42
397245;NÃO INFORMADA;3;2025;846374.28
402001;NÃO INFORMADA;3;2025;8097772.92
406937;NÃO INFORMADA;3;2025;20779765.47
410624;NÃO INFORMADA;3;2025;8834320.20
412252;NÃO INFORMADA;3;2025;21018983.81
414654;NÃO INFORMADA;3;2025;4655676.76
414662;NÃO INFORMADA;3;2025;10129692.64
414905;NÃO INFORMADA;3;2025;66970997.08
415111;NÃO INFORMADA;3;2025;201984279.87
415944;NÃO INFORMADA;3;2025;112777.11
416410;NÃO INFORMADA;3;2025;56469.49
417173;NÃO INFORMADA;3;2025;3813321.51
417424;NÃO INFORMADA;3;2025;0
418374;NÃO INFORMADA;3;2025;145876661.83
418587;NÃO INFORMADA;3;2025;52970559.40
418731;NÃO INFORMADA;3;2025;59564585.44
389358;NÃO INFORMADA;3;2025;17693203.23
406813;NÃO INFORMADA;3;2025;4158903.09
407224;NÃO INFORMADA;3;2025;3930779.62
408093;NÃO INFORMADA;3;2025;4105281.53
409286;NÃO INFORMADA;3;2025;383088.19
413372;NÃO INFORMADA;3;2025;18434460.30
417831;NÃO INFORMADA;3;2025;2841358.68
417947;NÃO INFORMADA;3;2025;105043778.09
418501;NÃO INFORMADA;3;2025;11639026.82
418617;NÃO INFORMADA;3;2025;34064685.00
379280;NÃO INFORMADA;3;2025;173422266.87
386901;NÃO INFORMADA;3;2025;31397351.90
394734;NÃO INFORMADA;3;2025;55940586.48
407569;NÃO INFORMADA;3;2025;5078171.33
410128;NÃO INFORMADA;3;2025;34791912.73
411868;NÃO INFORMADA;3;2025;7968071.23
413283;NÃO INFORMADA;3;2025;3759050.48
415774;NÃO INFORMADA;3;2025;132452983.88
417491;NÃO INFORMADA;3;2025;9522911.29
417718;NÃO INFORMADA;3;2025;0
402966;NÃO INFORMADA;3;2025;17479023.44
406554;NÃO INFORMADA;3;2025;105971430.65
408522;NÃO INFORMADA;3;2025;924065.36
409413;NÃO INFORMADA;3;2025;11516085.02
411248;NÃO INFORMADA;3;2025;4963627.48
412635;NÃO INFORMADA;3;2025;15894300.26
413518;NÃO INFORMADA;3;2025;18727661.77
414352;NÃO INFORMADA;3;2025;100947019.48
416568;NÃO INFORMADA;3;2025;240858999.90
417599;NÃO INFORMADA;3;2025;75356261.49
418749;NÃO INFORMADA;3;2025;6805521.59
419028;NÃO INFORMADA;3;2025;2496233.26
419133;NÃO INFORMADA;3;2025;1735974023.73
393533;NÃO INFORMADA;3;2025;38043652.04
407534;NÃO INFORMADA;3;2025;2216142.21
408263;NÃO INFORMADA;3;2025;8894490.21
409405;NÃO INFORMADA;3;2025;3741020.11
410888;NÃO INFORMADA;3;2025;24829171.57
411256;NÃO INFORMADA;3;2025;385076645.64
412295;NÃO INFORMADA;3;2025;54668319.56
413429;NÃO INFORMADA;3;2025;14619744.38
414310;NÃO INFORMADA;3;2025;130590473.74
417106;NÃO INFORMADA;3;2025;2075414.08
418072;NÃO INFORMADA;3;2025;2264578.77
418218;NÃO INFORMADA;3;2025;5044830.73
380661;NÃO INFORMADA;3;2025;287835527.43
382639;NÃO INFORMADA;3;2025;2531983.37
389854;NÃO INFORMADA;3;2025;10747599.59
401081;NÃO INFORMADA;3;2025;87220379.55
413267;NÃO INFORMADA;3;2025;1858636.63
413747;NÃO INFORMADA;3;2025;3199812.28
414930;NÃO INFORMADA;3;2025;78929388.13
415987;NÃO INFORMADA;3;2025;3967593.48
417220;NÃO INFORMADA;3;2025;2024987.29
418137;NÃO INFORMADA;3;2025;21141635.26
418285;NÃO INFORMADA;3;2025;125273995.84
419010;NÃO INFORMADA;3;2025;367734324.22
384577;NÃO INFORMADA;3;2025;874714611.33
385620;NÃO INFORMADA;3;2025;83619199.12
388092;NÃO INFORMADA;3;2025;10797904.32
395480;NÃO INFORMADA;3;2025;65030770.74
401480;NÃO INFORMADA;3;2025;19166683.43
411752;NÃO INFORMADA;3;2025;172292659.41
412058;NÃO INFORMADA;3;2025;23481846.04
413330;NÃO INFORMADA;3;2025;33226400.76
413534;NÃO INFORMADA;3;2025;713249184.86
414581;NÃO INFORMADA;3;2025;160043224.46
415014;NÃO INFORMADA;3;2025;87415895.96
415910;NÃO INFORMADA;3;2025;1855479.94
417297;NÃO INFORMADA;3;2025;109430240.30
418994;NÃO INFORMADA;3;2025;478543.31
419150;NÃO INFORMADA;3;2025;51555853.34
382281;NÃO INFORMADA;3;2025;3831034.15
407011;NÃO INFORMADA;3;2025;571412562.39
409243;NÃO INFORMADA;3;2025;150872306.18
410608;NÃO INFORMADA;3;2025;14208352.80
415626;NÃO INFORMADA;3;2025;22076416.15
417475;NÃO INFORMADA;3;2025;7967885.96
417955;NÃO INFORMADA;3;2025;59354092.38
418803;NÃO INFORMADA;3;2025;95994802.71
386588;NÃO INFORMADA;3;2025;301338776.97
406635;NÃO INFORMADA;3;2025;7011378.90
406945;NÃO INFORMADA;3;2025;47068760.01
408794;NÃO INFORMADA;3;2025;26910994.07
410292;NÃO INFORMADA;3;2025;60791389.50
411582;NÃO INFORMADA;3;2025;43707985.98
416398;NÃO INFORMADA;3;2025;52724614.06
416428;NÃO INFORMADA;3;2025;3861087832.74
417131;NÃO INFORMADA;3;2025;1773652.59
417505;NÃO INFORMADA;3;2025;485658908.72
419079;NÃO INFORMADA;3;2025;0
403962;NÃO INFORMADA;3;2025;49728044.80
408026;NÃO INFORMADA;3;2025;5117007.03
409634;NÃO INFORMADA;3;2025;7018740.91
412759;NÃO INFORMADA;3;2025;28190210.77
414387;NÃO INFORMADA;3;2025;4498924.58
414701;NÃO INFORMADA;3;2025;6694045.02
416584;NÃO INFORMADA;3;2025;44610837.08
416801;NÃO INFORMADA;3;2025;71737705.48
418129;NÃO INFORMADA;3;2025;6013242.51
418226;NÃO INFORMADA;3;2025;8886546.70
419052;NÃO INFORMADA;3;2025;46776460.37
390259;NÃO INFORMADA;3;2025;6517974.23
414026;NÃO INFORMADA;3;2025;5628687.46
414573;NÃO INFORMADA;3;2025;59364460.94
414689;NÃO INFORMADA;3;2025;7468702.20
418650;NÃO INFORMADA;3;2025;132144085.33
419141;NÃO INFORMADA;3;2025;110238421.47
381144;NÃO INFORMADA;3;2025;4229977.94
382655;NÃO INFORMADA;3;2025;5164805.44
387185;NÃO INFORMADA;3;2025;25434718.34
412015;NÃO INFORMADA;3;2025;3058180.45
415243;NÃO INFORMADA;3;2025;3713228.29
415901;NÃO INFORMADA;3;2025;1006907.45
369659;NÃO INFORMADA;3;2025;689761105.33
370975;NÃO INFORMADA;3;2025;45566221.07
371106;NÃO INFORMADA;3;2025;231117950.35
371629;NÃO INFORMADA;3;2025;191058130.99
372561;NÃO INFORMADA;3;2025;101880325.21
349712;NÃO INFORMADA;3;2025;410773437.24
350249;NÃO INFORMADA;3;2025;254697071.16
351202;NÃO INFORMADA;3;2025;934444364.58
351776;NÃO INFORMADA;3;2025;21776211.84
354295;NÃO INFORMADA;3;2025;351667726.32
355593;NÃO INFORMADA;3;2025;59023968.49
359777;NÃO INFORMADA;3;2025;263696961.80
364584;NÃO INFORMADA;3;2025;459831450.15
364860;NÃO INFORMADA;3;2025;255568904.87
366340;NÃO INFORMADA;3;2025;43823966.19
354562;NÃO INFORMADA;3;2025;171915999.45
355721;NÃO INFORMADA;3;2025;822865866.57
361941;NÃO INFORMADA;3;2025;85579714.42
364070;NÃO INFORMADA;3;2025;23403428.31
365530;NÃO INFORMADA;3;2025;40914286.55
368555;NÃO INFORMADA;3;2025;22608694.26
370592;NÃO INFORMADA;3;2025;15509588.23
371254;NÃO INFORMADA;3;2025;946715405.97
350371;NÃO INFORMADA;3;2025;206835847.14
351407;NÃO INFORMADA;3;2025;159450562.64
352519;NÃO INFORMADA;3;2025;28999827.67
352586;NÃO INFORMADA;3;2025;52839553.47
353027;NÃO INFORMADA;3;2025;67374885.52
353876;NÃO INFORMADA;3;2025;39191271.28
354066;NÃO INFORMADA;3;2025;417137306.56
354627;NÃO INFORMADA;3;2025;14301807632.83
354783;NÃO INFORMADA;3;2025;334442403.12
355097;NÃO INFORMADA;3;2025;693621886.49
356476;NÃO INFORMADA;3;2025;115555651.61
357260;NÃO INFORMADA;3;2025;188930875.80
358282;NÃO INFORMADA;3;2025;47229638.45
359033;NÃO INFORMADA;3;2025;41801590.42
362573;NÃO INFORMADA;3;2025;47595013.33
367095;NÃO INFORMADA;3;2025;292492553.12
368148;NÃO INFORMADA;3;2025;92498045.64
378216;NÃO INFORMADA;3;2025;52907039.94
348830;NÃO INFORMADA;3;2025;170924208.91
353264;NÃO INFORMADA;3;2025;21562391.14
357715;NÃO INFORMADA;3;2025;41492549.83
370070;NÃO INFORMADA;3;2025;605847575.48
374440;NÃO INFORMADA;3;2025;28732919.40
352179;NÃO INFORMADA;3;2025;82912108.38
352331;NÃO INFORMADA;3;2025;1057204871.19
353663;NÃO INFORMADA;3;2025;443529307.29
354511;NÃO INFORMADA;3;2025;147202855.22
356123;NÃO INFORMADA;3;2025;196985163.75
357022;NÃO INFORMADA;3;2025;95804686.89
358088;NÃO INFORMADA;3;2025;213626984.64
358754;NÃO INFORMADA;3;2025;47580246.20
363189;NÃO INFORMADA;3;2025;8616597.72
363855;NÃO INFORMADA;3;2025;80134127.79
365777;NÃO INFORMADA;3;2025;98471082.16
366561;NÃO INFORMADA;3;2025;258594133.45
360414;NÃO INFORMADA;3;2025;52387973.16
361569;NÃO INFORMADA;3;2025;10617246.72
368920;NÃO INFORMADA;3;2025;84390194.36
359122;NÃO INFORMADA;3;2025;84475695.85
361593;NÃO INFORMADA;3;2025;10333259.81
363286;NÃO INFORMADA;3;2025;45481383.31
364592;NÃO INFORMADA;3;2025;40998275.54
365785;NÃO INFORMADA;3;2025;3677251.85
367397;NÃO INFORMADA;3;2025;255683009.65
350494;NÃO INFORMADA;3;2025;65619853.56
352501;NÃO INFORMADA;3;2025;4022152600.46
353698;NÃO INFORMADA;3;2025;31875832.40
355151;NÃO INFORMADA;3;2025;327663893.39
356581;NÃO INFORMADA;3;2025;71199155.83
357511;NÃO INFORMADA;3;2025;808780901.78
345091;NÃO INFORMADA;3;2025;55985719.18
345741;NÃO INFORMADA;3;2025;2475422.24
346659;NÃO INFORMADA;3;2025;6866297746.61
348180;NÃO INFORMADA;3;2025;307855017.16
348261;NÃO INFORMADA;3;2025;53969253.68
348520;NÃO INFORMADA;3;2025;929569112.00
327417;NÃO INFORMADA;3;2025;213981015.82
328294;NÃO INFORMADA;3;2025;146550665.58
330264;NÃO INFORMADA;3;2025;135934433.41
333662;NÃO INFORMADA;3;2025;241713657.31
334561;NÃO INFORMADA;3;2025;797255607.51
335100;NÃO INFORMADA;3;2025;1425357918.71
335592;NÃO INFORMADA;3;2025;985431196.28
335789;NÃO INFORMADA;3;2025;26848253.22
337668;NÃO INFORMADA;3;2025;547579959.37
341819;NÃO INFORMADA;3;2025;2266685.26
342131;NÃO INFORMADA;3;2025;49607172.13
343153;NÃO INFORMADA;3;2025;9786681.62
343684;NÃO INFORMADA;3;2025;57081875.51
343731;NÃO INFORMADA;3;2025;897812400.88
343889;NÃO INFORMADA;3;2025;5522049808.48
346209;NÃO INFORMADA;3;2025;122900848.44
347825;NÃO INFORMADA;3;2025;9863786.48
331341;NÃO INFORMADA;3;2025;195788531.17
335258;NÃO INFORMADA;3;2025;17596950.49
340782;NÃO INFORMADA;3;2025;652761927.95
342556;NÃO INFORMADA;3;2025;201863041.04
344362;NÃO INFORMADA;3;2025;153991850.97
347795;NÃO INFORMADA;3;2025;5222574.60
325465;NÃO INFORMADA;3;2025;27682270.27
326500;NÃO INFORMADA;3;2025;292234891.88
327638;NÃO INFORMADA;3;2025;16687035.49
328375;NÃO INFORMADA;3;2025;23037477.90
329339;NÃO INFORMADA;3;2025;353891968.73
330809;NÃO INFORMADA;3;2025;74776610.22
335517;NÃO INFORMADA;3;2025;90006343.53
336106;NÃO INFORMADA;3;2025;384528245.77
336858;NÃO INFORMADA;3;2025;6701195720.31
337374;NÃO INFORMADA;3;2025;259031944.22
339954;NÃO INFORMADA;3;2025;708218248.24
343331;NÃO INFORMADA;3;2025;69232840.94
344451;NÃO INFORMADA;3;2025;16512866.53
333867;NÃO INFORMADA;3;2025;15027331.29
345458;NÃO INFORMADA;3;2025;86438112.44
345709;NÃO INFORMADA;3;2025;168108306.16
346004;NÃO INFORMADA;3;2025;14888002.95
346951;NÃO INFORMADA;3;2025;56466183.04
325031;NÃO INFORMADA;3;2025;97624377.10
329886;NÃO INFORMADA;3;2025;89392431.44
331988;NÃO INFORMADA;3;2025;439374650.60
333808;NÃO INFORMADA;3;2025;46203494.93
334154;NÃO INFORMADA;3;2025;104543082.24
335215;NÃO INFORMADA;3;2025;182510527.31
335657;NÃO INFORMADA;3;2025;22114059.11
337871;NÃO INFORMADA;3;2025;159286839.54
342033;NÃO INFORMADA;3;2025;651094134.65
342386;NÃO INFORMADA;3;2025;96781740.99
343129;NÃO INFORMADA;3;2025;23488716.36
344184;NÃO INFORMADA;3;2025;4416396.45
347604;NÃO INFORMADA;3;2025;8503749.24
327328;NÃO INFORMADA;3;2025;936597
335754;NÃO INFORMADA;3;2025;93413928.66
418021;NÃO INFORMADA;3;2025;286045974.48
418552;NÃO INFORMADA;3;2025;321737.76
392804;NÃO INFORMADA;3;2025;361779535.96
406805;NÃO INFORMADA;3;2025;18526846.10
408034;NÃO INFORMADA;3;2025;3712002.92
412996;NÃO INFORMADA;3;2025;6692401.48
415936;NÃO INFORMADA;3;2025;33874010.26
416401;NÃO INFORMADA;3;2025;188161298.40
416690;NÃO INFORMADA;3;2025;68898532.48
417530;NÃO INFORMADA;3;2025;257100340.65
417815;NÃO INFORMADA;3;2025;59849547.31
418820;NÃO INFORMADA;3;2025;47127555.85
404241;NÃO INFORMADA;3;2025;19122574.86
409791;NÃO INFORMADA;3;2025;4445873.04
413551;NÃO INFORMADA;3;2025;580871.74
414212;NÃO INFORMADA;3;2025;21832399.42
415065;NÃO INFORMADA;3;2025;39950266.88
416495;NÃO INFORMADA;3;2025;59898264.52
417661;NÃO INFORMADA;3;2025;55610356.89
006246;NÃO INFORMADA;3;2025;20324543368.99
300136;NÃO INFORMADA;3;2025;114502691.32
300713;NÃO INFORMADA;3;2025;149161868.86
301060;NÃO INFORMADA;3;2025;72845729.78
301124;NÃO INFORMADA;3;2025;45011169.21
302147;NÃO INFORMADA;3;2025;4443658059.78
301574;NÃO INFORMADA;3;2025;240892200.12
301728;NÃO INFORMADA;3;2025;60049223.53
000701;NÃO INFORMADA;3;2025;4626562446.49
005711;NÃO INFORMADA;3;2025;37618479446.25
300730;NÃO INFORMADA;3;2025;2680411.14
000582;NÃO INFORMADA;3;2025;4889014403.48
301744;NÃO INFORMADA;3;2025;106839857.82
301949;NÃO INFORMADA;3;2025;716279697.62
321125;NÃO INFORMADA;3;2025;15298336.86
322571;NÃO INFORMADA;3;2025;147109449.01
323357;NÃO INFORMADA;3;2025;114686516.73
324493;NÃO INFORMADA;3;2025;169770783.54
303844;NÃO INFORMADA;3;2025;60403096.85
305626;NÃO INFORMADA;3;2025;25147613.66
306398;NÃO INFORMADA;3;2025;626199902.54
306762;NÃO INFORMADA;3;2025;209018542.28
309222;NÃO INFORMADA;3;2025;1812284453.43
309907;NÃO INFORMADA;3;2025;177422589.30
310239;NÃO INFORMADA;3;2025;18557173.00
311715;NÃO INFORMADA;3;2025;145966823.23
312126;NÃO INFORMADA;3;2025;1950144657.92
314242;NÃO INFORMADA;3;2025;40867850.57
315729;NÃO INFORMADA;3;2025;664079159.59
318566;NÃO INFORMADA;3;2025;121021758.91
319708;NÃO INFORMADA;3;2025;314059335.69
320838;NÃO INFORMADA;3;2025;40580020.46
323080;NÃO INFORMADA;3;2025;4599061334.46
324345;NÃO INFORMADA;3;2025;140217778.22
304883;NÃO INFORMADA;3;2025;201232517.13
310522;NÃO INFORMADA;3;2025;183272895.39
311146;NÃO INFORMADA;3;2025;53745639.68
312851;NÃO INFORMADA;3;2025;956594482.02
313475;NÃO INFORMADA;3;2025;10693218.22
314099;NÃO INFORMADA;3;2025;228267419.43
350141;NÃO INFORMADA;3;2025;209261887.05
350648;NÃO INFORMADA;3;2025;32169226.87
350770;NÃO INFORMADA;3;2025;3794446.57
365238;NÃO INFORMADA;3;2025;57335093.66
370711;NÃO INFORMADA;3;2025;4263430.77
321087;NÃO INFORMADA;3;2025;54360406.12
321338;NÃO INFORMADA;3;2025;711454.41
324477;NÃO INFORMADA;3;2025;277061216.52
302627;NÃO INFORMADA;3;2025;34464799.05
303178;NÃO INFORMADA;3;2025;64880679.44
303356;NÃO INFORMADA;3;2025;779586985.31
304212;NÃO INFORMADA;3;2025;13573871.16
306886;NÃO INFORMADA;3;2025;655750623.99
310247;NÃO INFORMADA;3;2025;219713827.02
312347;NÃO INFORMADA;3;2025;194380258.93
312592;NÃO INFORMADA;3;2025;119342528.33
313084;NÃO INFORMADA;3;2025;70583448.37
313211;NÃO INFORMADA;3;2025;134303113.84
315796;NÃO INFORMADA;3;2025;456940896.28
316997;NÃO INFORMADA;3;2025;6750799.80
317144;NÃO INFORMADA;3;2025;2519760399.27
318213;NÃO INFORMADA;3;2025;98116576.00
319996;NÃO INFORMADA;3;2025;1640411372.33
320510;NÃO INFORMADA;3;2025;23808066.40
320820;NÃO INFORMADA;3;2025;47421015.26
323942;NÃO INFORMADA;3;2025;34447046.54
304051;NÃO INFORMADA;3;2025;138332568.68
305421;NÃO INFORMADA;3;2025;2674955.91
306100;NÃO INFORMADA;3;2025;154680696.95
311359;NÃO INFORMADA;3;2025;92580242.50
314706;NÃO INFORMADA;3;2025;9698972.25
321320;NÃO INFORMADA;3;2025;23716505.52
322890;NÃO INFORMADA;3;2025;4090471.55
323055;NÃO INFORMADA;3;2025;56411828.02
324159;NÃO INFORMADA;3;2025;73334943.86
324299;NÃO INFORMADA;3;2025;24201733.31
304395;NÃO INFORMADA;3;2025;110827227.74
304701;NÃO INFORMADA;3;2025;3742660907.38
306754;NÃO INFORMADA;3;2025;39589571.75
309087;NÃO INFORMADA;3;2025;95830899.32
311847;NÃO INFORMADA;3;2025;339914719.27
311961;NÃO INFORMADA;3;2025;120431675.94
313971;NÃO INFORMADA;3;2025;51261694.46
314366;NÃO INFORMADA;3;2025;2820541.87
315044;NÃO INFORMADA;3;2025;199026092.72
319121;NÃO INFORMADA;3;2025;658970211.48
319422;NÃO INFORMADA;3;2025;67678057.10
304484;NÃO INFORMADA;3;2025;47584246.67
311057;NÃO INFORMADA;3;2025;25278202.26
311391;NÃO INFORMADA;3;2025;10695738.21
316849;NÃO INFORMADA;3;2025;6654831.48
318477;NÃO INFORMADA;3;2025;73218753.25
419354;NÃO INFORMADA;3;2025;267253.68
419591;NÃO INFORMADA;3;2025;4903025.45
419958;NÃO INFORMADA;3;2025;26034191.93
420077;NÃO INFORMADA;3;2025;230278531.37
420841;NÃO INFORMADA;3;2025;0
421146;NÃO INFORMADA;3;2025;0
421197;NÃO INFORMADA;3;2025;75450119.68
421367;NÃO INFORMADA;3;2025;4108122.35
421731;NÃO INFORMADA;3;2025;73837311.18
421928;NÃO INFORMADA;3;2025;354140241.84
422720;NÃO INFORMADA;3;2025;291631001.39
423262;NÃO INFORMADA;3;2025;384631.14
423441;NÃO INFORMADA;3;2025;6397288.58
423629;NÃO INFORMADA;3;2025;16650825.01
423815;NÃO INFORMADA;3;2025;77509.22
424129;NÃO INFORMADA;3;2025;0
424528;NÃO INFORMADA;3;2025;0
421634;NÃO INFORMADA;3;2025;3407055.31
423858;NÃO INFORMADA;3;2025;0
424048;NÃO INFORMADA;3;2025;3753171.12
424463;NÃO INFORMADA;3;2025;35715.45
326861;NÃO INFORMADA;3;2025;227419624.93
330116;NÃO INFORMADA;3;2025;38460489.78
330566;NÃO INFORMADA;3;2025;121178246.29
331317;NÃO INFORMADA;3;2025;399701895.03
340952;NÃO INFORMADA;3;2025;336586100.97
342807;NÃO INFORMADA;3;2025;143882796.25
344788;NÃO INFORMADA;3;2025;23400005.70
344915;NÃO INFORMADA;3;2025;3015377.74
339458;NÃO INFORMADA;3;2025;3614383.70
342203;NÃO INFORMADA;3;2025;15360968.79
324175;NÃO INFORMADA;3;2025;48354091.51
303267;NÃO INFORMADA;3;2025;372555202.31
304344;NÃO INFORMADA;3;2025;94392012.71
311944;NÃO INFORMADA;3;2025;29131064.93
314587;NÃO INFORMADA;3;2025;37842755.53
315583;NÃO INFORMADA;3;2025;37044025.91
317012;NÃO INFORMADA;3;2025;64711034.76
323004;NÃO INFORMADA;3;2025;22785321.38
323993;NÃO INFORMADA;3;2025;138564384.68
324523;NÃO INFORMADA;3;2025;4108.29
303623;NÃO INFORMADA;3;2025;613249698.59
307319;NÃO INFORMADA;3;2025;244301461.35
309028;NÃO INFORMADA;3;2025;9951724.70
313149;NÃO INFORMADA;3;2025;7443073.24
314781;NÃO INFORMADA;3;2025;32339325.56
315478;NÃO INFORMADA;3;2025;1413698968.92
322831;NÃO INFORMADA;3;2025;75042549.26
323268;NÃO INFORMADA;3;2025;374529563.07
323926;NÃO INFORMADA;3;2025;90262705.30
324213;NÃO INFORMADA;3;2025;3303422.89
302228;NÃO INFORMADA;3;2025;23386387.15
303739;NÃO INFORMADA;3;2025;168183966.65
305227;NÃO INFORMADA;3;2025;100763920.10
305472;NÃO INFORMADA;3;2025;106234284.67
307751;NÃO INFORMADA;3;2025;99422881.61
309524;NÃO INFORMADA;3;2025;23305716.16
311294;NÃO INFORMADA;3;2025;139291632.86
311618;NÃO INFORMADA;3;2025;122520656.44
312720;NÃO INFORMADA;3;2025;878332509.23
314218;NÃO INFORMADA;3;2025;525259881.93
314315;NÃO INFORMADA;3;2025;11334969.71
314668;NÃO INFORMADA;3;2025;193734740.06
315648;NÃO INFORMADA;3;2025;41673684.72
316903;NÃO INFORMADA;3;2025;373848.95
317632;NÃO INFORMADA;3;2025;290753183.18
322326;NÃO INFORMADA;3;2025;8572508.83
304131;NÃO INFORMADA;3;2025;93055914.74
315494;NÃO INFORMADA;3;2025;43445685.54
316458;NÃO INFORMADA;3;2025;20777580.84
321044;NÃO INFORMADA;3;2025;908818108.90
321273;NÃO INFORMADA;3;2025;714942581.19
302953;NÃO INFORMADA;3;2025;529459012.75
303976;NÃO INFORMADA;3;2025;1344149010.42
304468;NÃO INFORMADA;3;2025;117889474.07
306126;NÃO INFORMADA;3;2025;169496377.96
310981;NÃO INFORMADA;3;2025;11300071.12
311375;NÃO INFORMADA;3;2025;210925737.11
312282;NÃO INFORMADA;3;2025;37383348.14
318035;NÃO INFORMADA;3;2025;59775261.27
318388;NÃO INFORMADA;3;2025;127045391.63
319872;NÃO INFORMADA;3;2025;3399327.58
320251;NÃO INFORMADA;3;2025;270238218.60
320862;NÃO INFORMADA;3;2025;110178424.00
324361;NÃO INFORMADA;3;2025;226884854.51
306045;NÃO INFORMADA;3;2025;6517476.03
347108;NÃO INFORMADA;3;2025;41921231.20
347655;NÃO INFORMADA;3;2025;96938593.02
330892;NÃO INFORMADA;3;2025;24305359.76
334243;NÃO INFORMADA;3;2025;6129172.95
338346;NÃO INFORMADA;3;2025;66392237.59
343404;NÃO INFORMADA;3;2025;1465512.04
329355;NÃO INFORMADA;3;2025;38369475.82
336467;NÃO INFORMADA;3;2025;24724267.04
340162;NÃO INFORMADA;3;2025;2570046.40
369411;NÃO INFORMADA;3;2025;280397040.35
370088;NÃO INFORMADA;3;2025;56520978.92
370681;NÃO INFORMADA;3;2025;174483045.19
373109;NÃO INFORMADA;3;2025;3079101.73
352683;NÃO INFORMADA;3;2025;270492669.00
354678;NÃO INFORMADA;3;2025;16607901.91
356417;NÃO INFORMADA;3;2025;479923807.33
358339;NÃO INFORMADA;3;2025;4539824.92
361011;NÃO INFORMADA;3;2025;455932074.77
367087;NÃO INFORMADA;3;2025;350581808.92
349682;NÃO INFORMADA;3;2025;293502798.76
350699;NÃO INFORMADA;3;2025;92964505.96
352314;NÃO INFORMADA;3;2025;89121244.13
353353;NÃO INFORMADA;3;2025;445887442.75
354031;NÃO INFORMADA;3;2025;468924295.57
354279;NÃO INFORMADA;3;2025;89772182.71
357138;NÃO INFORMADA;3;2025;182528028.21
358053;NÃO INFORMADA;3;2025;109665425.86
359017;NÃO INFORMADA;3;2025;8694328846.63
362832;NÃO INFORMADA;3;2025;36068495.42
420981;NÃO INFORMADA;3;2025;6818331.97
421189;NÃO INFORMADA;3;2025;3339976.28
421618;NÃO INFORMADA;3;2025;4109653.84
422070;NÃO INFORMADA;3;2025;76210899.76
422371;NÃO INFORMADA;3;2025;28696619.58
422487;NÃO INFORMADA;3;2025;7952524.65
422576;NÃO INFORMADA;3;2025;0
422959;NÃO INFORMADA;3;2025;4193894.91
423203;NÃO INFORMADA;3;2025;3505315.48
423351;NÃO INFORMADA;3;2025;18232582.71
423432;NÃO INFORMADA;3;2025;1966918.39
420786;NÃO INFORMADA;3;2025;21477917.54
422304;NÃO INFORMADA;3;2025;4949606.18
422681;NÃO INFORMADA;3;2025;60053060.14
422771;NÃO INFORMADA;3;2025;70030692.74
424170;NÃO INFORMADA;3;2025;1578683.03
000884;NÃO INFORMADA;3;2025;252043443.10
000515;NÃO INFORMADA;3;2025;22551442.49
419249;NÃO INFORMADA;3;2025;422997241.61
384704;NÃO INFORMADA;3;2025;23675297.11
385697;NÃO INFORMADA;3;2025;530599279.91
406481;NÃO INFORMADA;3;2025;75195242.32
410110;NÃO INFORMADA;3;2025;20877152.15
411809;NÃO INFORMADA;3;2025;10492791.16
413160;NÃO INFORMADA;3;2025;39281683.66
413721;NÃO INFORMADA;3;2025;23721781.34
414492;NÃO INFORMADA;3;2025;169299013.13
415081;NÃO INFORMADA;3;2025;2413890.47
415693;NÃO INFORMADA;3;2025;124951393.51
417548;NÃO INFORMADA;3;2025;145916602.21
418919;NÃO INFORMADA;3;2025;52070921.49
402206;NÃO INFORMADA;3;2025;21958496.91
416525;NÃO INFORMADA;3;2025;7657342.27
416738;NÃO INFORMADA;3;2025;82876073.00
417211;NÃO INFORMADA;3;2025;56110761.89
321958;NÃO INFORMADA;3;2025;288545559.36
304123;NÃO INFORMADA;3;2025;55752067.58
305928;NÃO INFORMADA;3;2025;6381053.02
312363;NÃO INFORMADA;3;2025;4350869608.32
313751;NÃO INFORMADA;3;2025;31075101.57
314251;NÃO INFORMADA;3;2025;58376438.14
316148;NÃO INFORMADA;3;2025;164543096.14
316881;NÃO INFORMADA;3;2025;144059399.28
317233;NÃO INFORMADA;3;2025;272579209.99
320706;NÃO INFORMADA;3;2025;389925703.89
319384;NÃO INFORMADA;3;2025;227745710.92
350346;NÃO INFORMADA;3;2025;22153321.51
351270;NÃO INFORMADA;3;2025;31580310.35
352543;NÃO INFORMADA;3;2025;160974930.88
354619;NÃO INFORMADA;3;2025;34616962.62
358436;NÃO INFORMADA;3;2025;14992259.06
359661;NÃO INFORMADA;3;2025;1890208992.76
365645;NÃO INFORMADA;3;2025;3778300.53
366439;NÃO INFORMADA;3;2025;16164172.99
419281;NÃO INFORMADA;3;2025;1491360.02
419699;NÃO INFORMADA;3;2025;36885445.50
420085;NÃO INFORMADA;3;2025;15212448.79
422134;NÃO INFORMADA;3;2025;0
422398;NÃO INFORMADA;3;2025;70151779.38
422401;NÃO INFORMADA;3;2025;0
422584;NÃO INFORMADA;3;2025;20932037.13
423645;NÃO INFORMADA;3;2025;384812.55
424145;NÃO INFORMADA;3;2025;0
424188;NÃO INFORMADA;3;2025;1892590668.39
424544;NÃO INFORMADA;3;2025;0
422746;NÃO INFORMADA;3;2025;2598631.95
423319;NÃO INFORMADA;3;2025;41482857.21
419486;NÃO INFORMADA;3;2025;62362209.39
420158;NÃO INFORMADA;3;2025;96001961.65
420816;NÃO INFORMADA;3;2025;2065763.18
422088;NÃO INFORMADA;3;2025;3145805.01
422321;NÃO INFORMADA;3;2025;65168004.38
422827;NÃO INFORMADA;3;2025;22599957.20
421006;NÃO INFORMADA;3;2025;45293775.54
421642;NÃO INFORMADA;3;2025;797028.46
421944;NÃO INFORMADA;3;2025;46544741.67
424501;NÃO INFORMADA;3;2025;0
304441;NÃO INFORMADA;3;2025;13470410.94
308811;NÃO INFORMADA;3;2025;35763276.69
315265;NÃO INFORMADA;3;2025;69923356.98
315567;NÃO INFORMADA;3;2025;145818826.54
317896;NÃO INFORMADA;3;2025;35180968.90
320897;NÃO INFORMADA;3;2025;92052346.02
321931;NÃO INFORMADA;3;2025;40229399.04
304531;NÃO INFORMADA;3;2025;7379982.28
311472;NÃO INFORMADA;3;2025;10193863.57
316873;NÃO INFORMADA;3;2025;114641701.70
319180;NÃO INFORMADA;3;2025;56735002.67
419516;NÃO INFORMADA;3;2025;27018347.23
420093;NÃO INFORMADA;3;2025;3985944.51
421723;NÃO INFORMADA;3;2025;1737107.60
422029;NÃO INFORMADA;3;2025;227812876.34
422835;NÃO INFORMADA;3;2025;16272734.51
423912;NÃO INFORMADA;3;2025;392745.75
424161;NÃO INFORMADA;3;2025;0
419419;NÃO INFORMADA;3;2025;32559581.64
419567;NÃO INFORMADA;3;2025;0
419974;NÃO INFORMADA;3;2025;7540043.67
420166;NÃO INFORMADA;3;2025;137496112.78
421715;NÃO INFORMADA;3;2025;4626596546.90
422592;NÃO INFORMADA;3;2025;28773.71
422754;NÃO INFORMADA;3;2025;986028.02
423548;NÃO INFORMADA;3;2025;17277650.47
423661;NÃO INFORMADA;3;2025;73914576.40
419427;NÃO INFORMADA;3;2025;53658095.78
419851;NÃO INFORMADA;3;2025;11080021.80
420000;NÃO INFORMADA;3;2025;53360255.68
420701;NÃO INFORMADA;3;2025;31206343.34
420930;NÃO INFORMADA;3;2025;883474.43
421359;NÃO INFORMADA;3;2025;14080954.85
421561;NÃO INFORMADA;3;2025;581136.13
421871;NÃO INFORMADA;3;2025;9963530.29
422355;NÃO INFORMADA;3;2025;1460358.09
423572;NÃO INFORMADA;3;2025;1416055.25
420123;NÃO INFORMADA;3;2025;6379135.82
422151;NÃO INFORMADA;3;2025;14606072.55
423718;NÃO INFORMADA;3;2025;6690288.14
420271;NÃO INFORMADA;3;2025;13415598.62
421154;NÃO INFORMADA;3;2025;39000790.95
422053;NÃO INFORMADA;3;2025;121681026.32
422941;NÃO INFORMADA;3;2025;2840
423335;NÃO INFORMADA;3;2025;41378086.13
423408;NÃO INFORMADA;3;2025;382083.71
423564;NÃO INFORMADA;3;2025;893664.45
422479;NÃO INFORMADA;3;2025;153575.6
422762;NÃO INFORMADA;3;2025;17651199.64
423181;NÃO INFORMADA;3;2025;383272.89
421421;NÃO INFORMADA;3;2025;210924198.90
421766;NÃO INFORMADA;3;2025;62899121.26
422339;NÃO INFORMADA;3;2025;315238183.75
423173;NÃO INFORMADA;3;2025;189437641.14
419524;NÃO INFORMADA;3;2025;879575.0
419753;NÃO INFORMADA;3;2025;7205512.60
421341;NÃO INFORMADA;3;2025;80932046.02
422631;NÃO INFORMADA;3;2025;4205864458.69
